n,pattern,seed,policy,C_N_online,c_star_N,r,r_star,r_ss,n_feasible,k,core_nonempty,core_epsilon,theorem11_applicable,theorem11_fires
5,A,42,nearest_neighbor,27.9776,26.453,1.0576,3.0129,1.1663,31,5,True,-1.436819,True,False
5,A,42,cheapest_insertion,26.453,26.453,1.0,3.0129,1.1663,31,5,True,-2.199115,True,False
5,A,42,batch_reoptimize,26.453,26.453,1.0,3.0129,1.1663,31,5,True,-2.199115,True,False
5,A,123,nearest_neighbor,28.4109,27.3123,1.0402,2.9295,1.3378,31,5,True,-2.107621,True,False
5,A,123,cheapest_insertion,27.369,27.3123,1.0021,2.9295,1.3378,31,5,True,-2.94113,True,False
5,A,123,batch_reoptimize,27.3123,27.3123,1.0,2.9295,1.3378,31,5,True,-2.986527,True,False
5,A,7,nearest_neighbor,36.905,30.1723,1.2231,2.5319,1.3167,31,5,False,1.76872,True,False
5,A,7,cheapest_insertion,30.1723,30.1723,1.0,2.5319,1.3167,31,5,True,-3.599352,True,False
5,A,7,batch_reoptimize,30.1723,30.1723,1.0,2.5319,1.3167,31,5,True,-3.599352,True,False
5,A,99,nearest_neighbor,27.1603,25.713,1.0563,3.0608,1.2331,31,5,True,-2.272692,True,False
5,A,99,cheapest_insertion,25.713,25.713,1.0,3.0608,1.2331,31,5,True,-2.996322,True,False
5,A,99,batch_reoptimize,25.713,25.713,1.0,3.0608,1.2331,31,5,True,-2.996322,True,False
5,A,256,nearest_neighbor,27.5698,23.1085,1.1931,2.1502,1.1835,31,5,False,0.844427,True,True
5,A,256,cheapest_insertion,23.1085,23.1085,1.0,2.1502,1.1835,31,5,True,-2.120641,True,False
5,A,256,batch_reoptimize,23.1085,23.1085,1.0,2.1502,1.1835,31,5,True,-2.120641,True,False
5,B1,42,nearest_neighbor,30.3261,26.453,1.1464,3.0129,1.737,17,5,True,-4.412532,True,False
5,B1,42,cheapest_insertion,30.3261,26.453,1.1464,3.0129,1.737,17,5,True,-4.412532,True,False
5,B1,42,batch_reoptimize,30.3261,26.453,1.1464,3.0129,1.737,17,5,True,-4.412532,True,False
5,B1,123,nearest_neighbor,33.9406,27.3123,1.2427,2.9295,1.5006,17,5,True,-3.522789,True,False
5,B1,123,cheapest_insertion,27.369,27.3123,1.0021,2.9295,1.5006,17,5,True,-6.808573,True,False
5,B1,123,batch_reoptimize,27.369,27.3123,1.0021,2.9295,1.5006,17,5,True,-6.808573,True,False
5,B1,7,nearest_neighbor,31.4785,30.1723,1.0433,2.5319,1.3785,17,5,True,-5.057164,True,False
5,B1,7,cheapest_insertion,33.1491,30.1723,1.0987,2.5319,1.3785,17,5,True,-4.221852,True,False
5,B1,7,batch_reoptimize,31.4785,30.1723,1.0433,2.5319,1.3785,17,5,True,-5.057164,True,False
5,B1,99,nearest_neighbor,26.8395,25.713,1.0438,3.0608,1.6459,17,5,True,-6.025268,True,False
5,B1,99,cheapest_insertion,25.713,25.713,1.0,3.0608,1.6459,17,5,True,-6.025268,True,False
5,B1,99,batch_reoptimize,25.713,25.713,1.0,3.0608,1.6459,17,5,True,-6.025268,True,False
5,B1,256,nearest_neighbor,27.4286,23.1085,1.1869,2.1502,1.4259,17,5,True,-2.760649,True,False
5,B1,256,cheapest_insertion,24.8756,23.1085,1.0765,2.1502,1.4259,17,5,True,-4.037157,True,False
5,B1,256,batch_reoptimize,24.8756,23.1085,1.0765,2.1502,1.4259,17,5,True,-4.037157,True,False
5,B2,42,nearest_neighbor,30.3261,26.453,1.1464,3.0807,1.737,17,5,True,-6.206266,True,False
5,B2,42,cheapest_insertion,30.3261,26.453,1.1464,3.0807,1.737,17,5,True,-6.206266,True,False
5,B2,42,batch_reoptimize,30.3261,26.453,1.1464,3.0807,1.737,17,5,True,-6.206266,True,False
5,B2,123,nearest_neighbor,33.9406,27.3123,1.2427,2.9952,,13,4,True,-6.763545,False,False
5,B2,123,cheapest_insertion,27.369,27.3123,1.0021,2.9952,,13,4,True,-8.954067,False,False
5,B2,123,batch_reoptimize,27.369,27.3123,1.0021,2.9952,,13,4,True,-8.954067,False,False
5,B2,7,nearest_neighbor,37.0149,31.1095,1.1898,2.5605,,13,4,True,-6.076238,False,False
5,B2,7,cheapest_insertion,33.1491,31.1095,1.0656,2.5605,,13,4,True,-7.364834,False,False
5,B2,7,batch_reoptimize,33.1491,31.1095,1.0656,2.5605,,13,4,True,-7.364834,False,False
5,B2,99,nearest_neighbor,26.8395,25.713,1.0438,3.177,1.6459,17,5,True,-7.740535,True,False
5,B2,99,cheapest_insertion,25.713,25.713,1.0,3.177,1.6459,17,5,True,-8.30379,True,False
5,B2,99,batch_reoptimize,25.713,25.713,1.0,3.177,1.6459,17,5,True,-8.30379,True,False
5,B2,256,nearest_neighbor,27.4286,23.1085,1.1869,2.2444,,9,3,True,-3.726685,False,False
5,B2,256,cheapest_insertion,26.9724,23.1085,1.1672,2.2444,,9,3,True,-4.400152,False,False
5,B2,256,batch_reoptimize,26.9724,23.1085,1.1672,2.2444,,9,3,True,-4.400152,False,False
5,B5,42,nearest_neighbor,37.4397,31.8322,1.1762,3.2836,,9,3,True,-12.206266,False,False
5,B5,42,cheapest_insertion,37.4397,31.8322,1.1762,3.2836,,9,3,True,-12.206266,False,False
5,B5,42,batch_reoptimize,37.4397,31.8322,1.1762,3.2836,,9,3,True,-12.206266,False,False
5,B5,123,nearest_neighbor,33.7089,28.4395,1.1853,3.4634,,6,2,True,-11.923247,False,False
5,B5,123,cheapest_insertion,33.7089,28.4395,1.1853,3.4634,,6,2,True,-11.923247,False,False
5,B5,123,batch_reoptimize,33.7089,28.4395,1.1853,3.4634,,6,2,True,-11.923247,False,False
5,B5,7,nearest_neighbor,34.42,33.8622,1.0165,2.9726,,6,2,True,-13.247425,False,False
5,B5,7,cheapest_insertion,34.42,33.8622,1.0165,2.9726,,6,2,True,-13.247425,False,False
5,B5,7,batch_reoptimize,34.42,33.8622,1.0165,2.9726,,6,2,True,-13.247425,False,False
5,B5,99,nearest_neighbor,42.5956,29.9541,1.422,3.3691,,6,2,True,-11.664839,False,False
5,B5,99,cheapest_insertion,42.5956,29.9541,1.422,3.3691,,6,2,True,-11.664839,False,False
5,B5,99,batch_reoptimize,42.5956,29.9541,1.422,3.3691,,6,2,True,-11.664839,False,False
5,B5,256,nearest_neighbor,34.2778,29.1981,1.174,2.7647,,6,2,True,-7.200076,False,False
5,B5,256,cheapest_insertion,34.2778,29.1981,1.174,2.7647,,6,2,True,-7.200076,False,False
5,B5,256,batch_reoptimize,34.2778,29.1981,1.174,2.7647,,6,2,True,-7.200076,False,False
5,C,42,nearest_neighbor,27.2289,26.453,1.0293,3.0129,1.6439,17,5,True,-4.412532,True,False
5,C,42,cheapest_insertion,27.2289,26.453,1.0293,3.0129,1.6439,17,5,True,-4.412532,True,False
5,C,42,batch_reoptimize,27.2289,26.453,1.0293,3.0129,1.6439,17,5,True,-4.412532,True,False
5,C,123,nearest_neighbor,34.0349,27.3123,1.2461,2.9295,1.5006,17,5,True,-3.475628,True,False
5,C,123,cheapest_insertion,27.4634,27.3123,1.0055,2.9295,1.5006,17,5,True,-6.761412,True,False
5,C,123,batch_reoptimize,27.4634,27.3123,1.0055,2.9295,1.5006,17,5,True,-6.761412,True,False
5,C,7,nearest_neighbor,40.7564,30.1723,1.3508,2.5319,1.5574,17,5,True,-3.117084,True,False
5,C,7,cheapest_insertion,34.3614,30.1723,1.1388,2.5319,1.5574,17,5,True,-6.314593,True,False
5,C,7,batch_reoptimize,34.3614,30.1723,1.1388,2.5319,1.5574,17,5,True,-6.314593,True,False
5,C,99,nearest_neighbor,27.2766,25.713,1.0608,3.0608,1.2331,17,5,True,-2.214513,True,False
5,C,99,cheapest_insertion,25.8294,25.713,1.0045,3.0608,1.2331,17,5,True,-2.938143,True,False
5,C,99,batch_reoptimize,25.8294,25.713,1.0045,3.0608,1.2331,17,5,True,-2.938143,True,False
5,C,256,nearest_neighbor,27.2465,23.1085,1.1791,2.1502,1.3494,17,5,True,-1.968182,True,False
5,C,256,cheapest_insertion,23.1544,23.1085,1.002,2.1502,1.3494,17,5,True,-4.014221,True,False
5,C,256,batch_reoptimize,23.1544,23.1085,1.002,2.1502,1.3494,17,5,True,-4.014221,True,False
5,D,42,nearest_neighbor,32.7025,26.453,1.2363,3.2588,,13,4,True,-8.206266,False,False
5,D,42,cheapest_insertion,32.7025,26.453,1.2363,3.2588,,13,4,True,-8.206266,False,False
5,D,42,batch_reoptimize,32.7025,26.453,1.2363,3.2588,,13,4,True,-8.206266,False,False
5,D,123,nearest_neighbor,34.7614,27.3123,1.2727,3.0332,,8,3,True,-7.897954,False,False
5,D,123,cheapest_insertion,33.6627,27.3123,1.2325,3.0332,,8,3,True,-8.264165,False,False
5,D,123,batch_reoptimize,33.6627,27.3123,1.2325,3.0332,,8,3,True,-8.264165,False,False
5,D,7,nearest_neighbor,36.3914,30.1723,1.2061,2.7595,,10,4,True,-4.919313,False,False
5,D,7,cheapest_insertion,35.4671,30.1723,1.1755,2.7595,,10,4,True,-5.227413,False,False
5,D,7,batch_reoptimize,35.4671,30.1723,1.1755,2.7595,,10,4,True,-5.227413,False,False
5,D,99,nearest_neighbor,28.2476,25.713,1.0986,3.4103,,11,4,True,-10.018257,False,False
5,D,99,cheapest_insertion,27.2863,25.713,1.0612,3.4103,,11,4,True,-10.338683,False,False
5,D,99,batch_reoptimize,27.2863,25.713,1.0612,3.4103,,11,4,True,-10.338683,False,False
5,D,256,nearest_neighbor,34.4751,26.2283,1.3144,2.2764,,7,3,True,-3.799635,False,False
5,D,256,cheapest_insertion,32.8974,26.2283,1.2543,2.2764,,7,3,True,-4.194056,False,False
5,D,256,batch_reoptimize,32.8974,26.2283,1.2543,2.2764,,7,3,True,-4.194056,False,False
5,E,42,nearest_neighbor,28.5821,26.453,1.0805,3.2477,1.6439,17,5,True,-7.452376,True,False
5,E,42,cheapest_insertion,28.5821,26.453,1.0805,3.2477,1.6439,17,5,True,-7.452376,True,False
5,E,42,batch_reoptimize,28.5821,26.453,1.0805,3.2477,1.6439,17,5,True,-7.452376,True,False
5,E,123,nearest_neighbor,28.9788,27.369,1.0588,3.0499,1.6152,17,5,True,-7.614507,True,False
5,E,123,cheapest_insertion,28.9788,27.369,1.0588,3.0499,1.6152,17,5,True,-7.614507,True,False
5,E,123,batch_reoptimize,28.9788,27.369,1.0588,3.0499,1.6152,17,5,True,-7.614507,True,False
5,E,7,nearest_neighbor,36.4525,30.1723,1.2081,2.6013,1.5435,17,5,True,-5.059468,True,False
5,E,7,cheapest_insertion,33.9232,30.1723,1.1243,2.6013,1.5435,17,5,True,-6.324082,True,False
5,E,7,batch_reoptimize,33.9232,30.1723,1.1243,2.6013,1.5435,17,5,True,-6.324082,True,False
5,E,99,nearest_neighbor,30.3123,25.713,1.1789,3.0662,,13,4,True,-6.010208,False,False
5,E,99,cheapest_insertion,28.8651,25.713,1.1226,3.0662,,13,4,True,-6.164707,False,False
5,E,99,batch_reoptimize,28.8651,25.713,1.1226,3.0662,,13,4,True,-6.164707,False,False
5,E,256,nearest_neighbor,28.3672,23.6808,1.1979,2.5356,,8,3,True,-4.233142,False,False
5,E,256,cheapest_insertion,25.2941,23.6808,1.0681,2.5356,,9,3,True,-4.972414,False,False
5,E,256,batch_reoptimize,25.2941,23.6808,1.0681,2.5356,,9,3,True,-4.972414,False,False
7,A,42,nearest_neighbor,32.0911,31.3403,1.024,3.7104,1.1279,127,7,True,-1.629364,True,False
7,A,42,cheapest_insertion,31.6314,31.3403,1.0093,3.7104,1.1279,127,7,True,-1.859228,True,False
7,A,42,batch_reoptimize,31.3403,31.3403,1.0,3.7104,1.1279,127,7,True,-2.004788,True,False
7,A,123,nearest_neighbor,29.7434,29.7434,1.0,3.5295,1.2448,127,7,True,-2.18487,True,False
7,A,123,cheapest_insertion,30.4636,29.7434,1.0242,3.5295,1.2448,127,7,True,-1.568708,True,False
7,A,123,batch_reoptimize,29.7434,29.7434,1.0,3.5295,1.2448,127,7,True,-2.18487,True,False
7,A,7,nearest_neighbor,36.4525,31.0085,1.1756,3.3917,1.2491,127,7,False,1.648868,True,False
7,A,7,cheapest_insertion,31.0085,31.0085,1.0,3.3917,1.2491,127,7,True,-3.01744,True,False
7,A,7,batch_reoptimize,31.0085,31.0085,1.0,3.3917,1.2491,127,7,True,-3.01744,True,False
7,A,99,nearest_neighbor,32.6727,29.6249,1.1029,3.8005,1.2023,127,7,True,-0.438043,True,False
7,A,99,cheapest_insertion,30.0328,29.6249,1.0138,3.8005,1.2023,127,7,True,-2.637973,True,False
7,A,99,batch_reoptimize,29.6249,29.6249,1.0,3.8005,1.2023,127,7,True,-2.977925,True,False
7,A,256,nearest_neighbor,29.1967,24.7355,1.1804,3.2983,1.1715,127,7,False,1.176925,True,True
7,A,256,cheapest_insertion,24.7355,24.7355,1.0,3.2983,1.1715,127,7,True,-2.120641,True,False
7,A,256,batch_reoptimize,24.7355,24.7355,1.0,3.2983,1.1715,127,7,True,-2.120641,True,False
7,B1,42,nearest_neighbor,35.6568,31.3403,1.1377,3.7104,1.6363,65,7,True,-4.412532,True,False
7,B1,42,cheapest_insertion,35.2134,31.3403,1.1236,3.7104,1.6363,65,7,True,-4.412532,True,False
7,B1,42,batch_reoptimize,35.2134,31.3403,1.1236,3.7104,1.6363,65,7,True,-4.412532,True,False
7,B1,123,nearest_neighbor,35.5389,29.7434,1.1948,3.5824,1.4597,65,7,True,-3.939199,True,False
7,B1,123,cheapest_insertion,31.9078,29.7434,1.0728,3.5824,1.4597,65,7,True,-5.754712,True,False
7,B1,123,batch_reoptimize,31.9078,29.7434,1.0728,3.5824,1.4597,65,7,True,-5.754712,True,False
7,B1,7,nearest_neighbor,32.3147,31.0085,1.0421,3.4605,1.3683,65,7,True,-5.057164,True,False
7,B1,7,cheapest_insertion,35.0803,31.0085,1.1313,3.4605,1.3683,65,7,True,-3.674367,True,False
7,B1,7,batch_reoptimize,32.3147,31.0085,1.0421,3.4605,1.3683,65,7,True,-5.057164,True,False
7,B1,99,nearest_neighbor,37.7913,29.6249,1.2757,3.8005,1.5255,65,7,True,-3.700916,True,False
7,B1,99,cheapest_insertion,34.1848,29.6249,1.1539,3.8005,1.5255,65,7,True,-5.504171,True,False
7,B1,99,batch_reoptimize,33.6164,29.6249,1.1347,3.8005,1.5255,65,7,True,-5.788367,True,False
7,B1,256,nearest_neighbor,35.528,24.7355,1.4363,3.2983,,49,6,True,-2.620431,False,False
7,B1,256,cheapest_insertion,30.2186,24.7355,1.2217,3.2983,,49,6,True,-4.400152,False,False
7,B1,256,batch_reoptimize,27.8185,24.7355,1.1246,3.2983,,49,6,True,-4.400152,False,False
7,B2,42,nearest_neighbor,35.6568,31.556,1.13,3.8594,,49,6,True,-6.206266,False,False
7,B2,42,cheapest_insertion,35.2134,31.556,1.1159,3.8594,,49,6,True,-6.206266,False,False
7,B2,42,batch_reoptimize,35.2134,31.556,1.1159,3.8594,,49,6,True,-6.206266,False,False
7,B2,123,nearest_neighbor,35.5389,31.6576,1.1226,3.6733,,21,4,True,-9.969965,False,False
7,B2,123,cheapest_insertion,31.9078,31.6576,1.0079,3.6733,,25,5,True,-9.525212,False,False
7,B2,123,batch_reoptimize,31.9078,31.6576,1.0079,3.6733,,25,5,True,-9.525212,False,False
7,B2,7,nearest_neighbor,36.0657,32.3147,1.1161,3.6073,,29,5,True,-9.583754,False,False
7,B2,7,cheapest_insertion,35.0803,32.3147,1.0856,3.6073,,29,5,True,-9.830101,False,False
7,B2,7,batch_reoptimize,35.0803,32.3147,1.0856,3.6073,,29,5,True,-9.830101,False,False
7,B2,99,nearest_neighbor,43.7634,30.932,1.4148,3.9234,,29,5,True,-6.722203,False,False
7,B2,99,cheapest_insertion,36.8185,30.932,1.1903,3.9234,,29,5,True,-9.012634,False,False
7,B2,99,batch_reoptimize,36.8185,30.932,1.1903,3.9234,,29,5,True,-9.012634,False,False
7,B2,256,nearest_neighbor,35.528,25.1573,1.4122,3.5701,,17,4,True,-4.337468,False,False
7,B2,256,cheapest_insertion,32.9508,25.1573,1.3098,3.5701,,21,5,True,-4.400152,False,False
7,B2,256,batch_reoptimize,32.9508,25.1573,1.3098,3.5701,,21,5,True,-4.400152,False,False
7,B5,42,nearest_neighbor,58.1401,45.657,1.2734,3.8946,,13,3,True,-12.206266,False,False
7,B5,42,cheapest_insertion,54.6085,45.657,1.1961,3.8946,,13,3,True,-12.206266,False,False
7,B5,42,batch_reoptimize,54.6085,45.657,1.1961,3.8946,,13,3,True,-12.206266,False,False
7,B5,123,nearest_neighbor,42.3312,36.4175,1.1624,4.5577,,8,2,True,-11.923247,False,False
7,B5,123,cheapest_insertion,42.3312,36.4175,1.1624,4.5577,,8,2,True,-11.923247,False,False
7,B5,123,batch_reoptimize,42.3312,36.4175,1.1624,4.5577,,8,2,True,-11.923247,False,False
7,B5,7,nearest_neighbor,45.6798,40.0491,1.1406,4.2459,,8,2,True,-15.672859,False,False
7,B5,7,cheapest_insertion,45.6798,40.0491,1.1406,4.2459,,8,2,True,-15.672859,False,False
7,B5,7,batch_reoptimize,45.6798,40.0491,1.1406,4.2459,,8,2,True,-15.672859,False,False
7,B5,99,nearest_neighbor,51.2956,39.9462,1.2841,4.3274,,10,3,True,-14.307053,False,False
7,B5,99,cheapest_insertion,51.2956,39.9462,1.2841,4.3274,,10,3,True,-14.307053,False,False
7,B5,99,batch_reoptimize,51.2956,39.9462,1.2841,4.3274,,10,3,True,-14.307053,False,False
7,B5,256,nearest_neighbor,41.4116,37.5504,1.1028,4.0392,,8,2,True,-7.200076,False,False
7,B5,256,cheapest_insertion,41.4116,37.5504,1.1028,4.0392,,8,2,True,-7.200076,False,False
7,B5,256,batch_reoptimize,41.4116,37.5504,1.1028,4.0392,,8,2,True,-7.200076,False,False
7,C,42,nearest_neighbor,32.1366,31.3403,1.0254,3.7104,1.5753,65,7,True,-4.412532,True,False
7,C,42,cheapest_insertion,32.1366,31.3403,1.0254,3.7104,1.5753,65,7,True,-4.412532,True,False
7,C,42,batch_reoptimize,32.1366,31.3403,1.0254,3.7104,1.5753,65,7,True,-4.412532,True,False
7,C,123,nearest_neighbor,29.8377,29.7434,1.0032,3.5295,1.2448,65,7,True,-3.592897,True,False
7,C,123,cheapest_insertion,30.5579,29.7434,1.0274,3.5295,1.2448,65,7,True,-3.232772,True,False
7,C,123,batch_reoptimize,29.8377,29.7434,1.0032,3.5295,1.2448,65,7,True,-3.592897,True,False
7,C,7,nearest_neighbor,37.9331,31.0085,1.2233,3.3917,1.619,65,7,True,-6.134476,True,False
7,C,7,cheapest_insertion,34.7002,31.0085,1.1191,3.3917,1.619,65,7,True,-7.527991,True,False
7,C,7,batch_reoptimize,34.7002,31.0085,1.1191,3.3917,1.619,65,7,True,-7.527991,True,False
7,C,99,nearest_neighbor,32.7891,29.6249,1.1068,3.8005,1.2023,65,7,True,-1.414213,True,False
7,C,99,cheapest_insertion,29.7412,29.6249,1.0039,3.8005,1.2023,65,7,True,-2.938143,True,False
7,C,99,batch_reoptimize,29.7412,29.6249,1.0039,3.8005,1.2023,65,7,True,-2.938143,True,False
7,C,256,nearest_neighbor,32.7697,24.7355,1.3248,3.2983,1.6186,65,7,True,-3.634089,True,False
7,C,256,cheapest_insertion,32.9079,24.7355,1.3304,3.2983,1.6186,65,7,True,-3.564957,True,False
7,C,256,batch_reoptimize,31.6415,24.7355,1.2792,3.2983,1.6186,65,7,True,-4.198164,True,False
7,D,42,nearest_neighbor,37.0987,33.0113,1.1238,4.2377,,23,5,True,-11.073648,False,False
7,D,42,cheapest_insertion,37.6034,33.0113,1.1391,4.2377,,23,5,True,-11.377824,False,False
7,D,42,batch_reoptimize,37.6034,33.0113,1.1391,4.2377,,23,5,True,-11.377824,False,False
7,D,123,nearest_neighbor,39.1173,31.9886,1.2229,3.8891,,11,3,True,-8.852278,False,False
7,D,123,cheapest_insertion,34.6535,31.9886,1.0833,3.8891,,11,3,True,-8.852278,False,False
7,D,123,batch_reoptimize,34.6535,31.9886,1.0833,3.8891,,11,3,True,-8.852278,False,False
7,D,7,nearest_neighbor,37.5369,33.2733,1.1281,3.7713,,18,4,True,-9.866054,False,False
7,D,7,cheapest_insertion,37.5369,33.2733,1.1281,3.7713,,18,4,True,-9.866054,False,False
7,D,7,batch_reoptimize,37.5369,33.2733,1.1281,3.7713,,18,4,True,-9.866054,False,False
7,D,99,nearest_neighbor,35.8378,31.5742,1.135,4.3201,,23,5,True,-10.306176,False,False
7,D,99,cheapest_insertion,32.6727,31.5742,1.0348,4.3201,,23,5,True,-12.436106,False,False
7,D,99,batch_reoptimize,32.6727,31.5742,1.0348,4.3201,,23,5,True,-12.436106,False,False
7,D,256,nearest_neighbor,36.102,29.8851,1.208,3.6357,,11,3,True,-7.647607,False,False
7,D,256,cheapest_insertion,34.5243,29.8851,1.1552,3.6357,,13,4,True,-7.170556,False,False
7,D,256,batch_reoptimize,34.5243,29.8851,1.1552,3.6357,,13,4,True,-7.170556,False,False
7,E,42,nearest_neighbor,39.1032,31.3403,1.2477,4.1346,,41,6,True,-7.645962,False,False
7,E,42,cheapest_insertion,41.2705,31.3403,1.3169,4.1346,,41,6,True,-8.182873,False,False
7,E,42,batch_reoptimize,38.2904,31.3403,1.2218,4.1346,,41,6,True,-7.916902,False,False
7,E,123,nearest_neighbor,36.5559,31.9078,1.1457,3.6819,,49,6,True,-8.458261,False,False
7,E,123,cheapest_insertion,35.7892,31.9078,1.1216,3.6819,,49,6,True,-8.713852,False,False
7,E,123,batch_reoptimize,35.9232,31.9078,1.1258,3.6819,,49,6,True,-9.009949,False,False
7,E,7,nearest_neighbor,38.0168,32.3147,1.1765,3.7334,1.5912,65,7,True,-6.70038,True,False
7,E,7,cheapest_insertion,34.7839,32.3147,1.0764,3.7334,1.5912,65,7,True,-8.316834,True,False
7,E,7,batch_reoptimize,34.7839,32.3147,1.0764,3.7334,1.5912,65,7,True,-8.316834,True,False
7,E,99,nearest_neighbor,39.3134,33.2035,1.184,3.7968,,27,5,True,-6.664983,False,False
7,E,99,cheapest_insertion,39.4191,33.2035,1.1872,3.7968,,35,6,True,-6.629769,False,False
7,E,99,batch_reoptimize,39.4191,33.2035,1.1872,3.7968,,35,6,True,-6.629769,False,False
7,E,256,nearest_neighbor,28.4412,26.3856,1.0779,3.9983,,14,4,True,-6.081349,False,False
7,E,256,cheapest_insertion,31.1495,26.3856,1.1805,3.9983,,21,5,True,-6.081349,False,False
7,E,256,batch_reoptimize,31.1495,26.3856,1.1805,3.9983,,21,5,True,-6.081349,False,False
10,A,42,nearest_neighbor,39.9229,33.3283,1.1979,4.3207,1.1324,1023,10,False,3.47623,True,True
10,A,42,cheapest_insertion,33.3283,33.3283,1.0,4.3207,1.1324,1023,10,True,-1.712612,True,False
10,A,42,batch_reoptimize,33.3283,33.3283,1.0,4.3207,1.1324,1023,10,True,-1.712612,True,False
10,A,123,nearest_neighbor,33.1288,31.4645,1.0529,4.5082,1.1496,1023,10,False,0.109851,True,False
10,A,123,cheapest_insertion,31.73,31.4645,1.0084,4.5082,1.1496,1023,10,True,-1.131431,True,False
10,A,123,batch_reoptimize,31.4645,31.4645,1.0,4.5082,1.1496,1023,10,True,-1.36376,True,False
10,A,7,nearest_neighbor,35.0872,35.0872,1.0,4.3573,1.2202,1023,10,True,-2.596478,True,False
10,A,7,cheapest_insertion,35.0872,35.0872,1.0,4.3573,1.2202,1023,10,True,-2.596478,True,False
10,A,7,batch_reoptimize,35.0872,35.0872,1.0,4.3573,1.2202,1023,10,True,-2.596478,True,False
10,A,99,nearest_neighbor,43.3027,36.9963,1.1705,4.6296,1.162,1023,10,False,3.432802,True,True
10,A,99,cheapest_insertion,40.8931,36.9963,1.1053,4.6296,1.162,1023,10,False,1.264209,True,False
10,A,99,batch_reoptimize,36.9963,36.9963,1.0,4.6296,1.162,1023,10,True,-2.242897,True,False
10,A,256,nearest_neighbor,38.2044,30.6988,1.2445,4.0803,1.1382,1023,10,False,5.362531,True,True
10,A,256,cheapest_insertion,30.6988,30.6988,1.0,4.0803,1.1382,1023,10,True,-1.30911,True,False
10,A,256,batch_reoptimize,30.6988,30.6988,1.0,4.0803,1.1382,1023,10,True,-1.30911,True,False
10,B1,42,nearest_neighbor,47.4106,34.4333,1.3769,4.4766,1.569,513,10,True,-3.307218,True,False
10,B1,42,cheapest_insertion,39.1721,34.4333,1.1376,4.4766,1.569,513,10,True,-4.412532,True,False
10,B1,42,batch_reoptimize,37.6502,34.4333,1.0934,4.4766,1.569,513,10,True,-4.412532,True,False
10,B1,123,nearest_neighbor,44.7783,32.0256,1.3982,4.6954,,257,8,True,-4.538012,False,False
10,B1,123,cheapest_insertion,34.3806,32.0256,1.0735,4.6954,,257,8,True,-8.003935,False,False
10,B1,123,batch_reoptimize,34.1901,32.0256,1.0676,4.6954,,257,8,True,-8.067439,False,False
10,B1,7,nearest_neighbor,40.5456,37.2211,1.0893,4.2454,,321,9,True,-8.423295,False,False
10,B1,7,cheapest_insertion,44.1913,37.2211,1.1873,4.2454,,321,9,True,-7.440692,False,False
10,B1,7,batch_reoptimize,39.5798,37.2211,1.0634,4.2454,,321,9,True,-8.664757,False,False
10,B1,99,nearest_neighbor,51.6775,36.9963,1.3968,4.6516,,385,9,True,-3.944683,False,False
10,B1,99,cheapest_insertion,43.8282,36.9963,1.1847,4.6516,,385,9,True,-6.025268,False,False
10,B1,99,batch_reoptimize,41.1471,36.9963,1.1122,4.6516,,385,9,True,-6.025268,False,False
10,B1,256,nearest_neighbor,41.6815,30.7694,1.3546,4.248,,177,8,True,-2.735226,False,False
10,B1,256,cheapest_insertion,35.6309,30.7694,1.158,4.248,,273,9,True,-4.400152,False,False
10,B1,256,batch_reoptimize,34.3006,30.7694,1.1148,4.248,,177,8,True,-4.400152,False,False
10,B2,42,nearest_neighbor,39.6156,35.5148,1.1155,5.1709,,113,7,True,-6.206266,False,False
10,B2,42,cheapest_insertion,39.1721,35.5148,1.103,5.1709,,113,7,True,-6.206266,False,False
10,B2,42,batch_reoptimize,39.1721,35.5148,1.103,5.1709,,113,7,True,-6.206266,False,False
10,B2,123,nearest_neighbor,37.7533,34.3806,1.0981,5.3148,,41,5,True,-11.923247,False,False
10,B2,123,cheapest_insertion,35.3291,34.3806,1.0276,5.3148,,81,7,True,-11.923247,False,False
10,B2,123,batch_reoptimize,35.3291,34.3806,1.0276,5.3148,,81,7,True,-11.923247,False,False
10,B2,7,nearest_neighbor,47.3038,42.8221,1.1047,4.4002,,93,7,True,-11.062737,False,False
10,B2,7,cheapest_insertion,46.9416,42.8221,1.0962,4.4002,,93,7,True,-11.062737,False,False
10,B2,7,batch_reoptimize,46.9416,42.8221,1.0962,4.4002,,93,7,True,-11.062737,False,False
10,B2,99,nearest_neighbor,45.0879,39.9837,1.1277,4.9696,,77,6,True,-9.012634,False,False
10,B2,99,cheapest_insertion,44.2115,39.9837,1.1057,4.9696,,77,6,True,-9.012634,False,False
10,B2,99,batch_reoptimize,44.2115,39.9837,1.1057,4.9696,,77,6,True,-9.012634,False,False
10,B2,256,nearest_neighbor,42.1269,33.629,1.2527,4.7474,,45,6,True,-4.400152,False,False
10,B2,256,cheapest_insertion,38.3266,33.629,1.1397,4.7474,,77,7,True,-4.400152,False,False
10,B2,256,batch_reoptimize,37.5992,33.629,1.1181,4.7474,,77,7,True,-4.400152,False,False
10,B5,42,nearest_neighbor,62.0988,50.9438,1.219,6.118,,21,4,True,-12.206266,False,False
10,B5,42,cheapest_insertion,58.5672,50.9438,1.1496,6.118,,27,5,True,-12.206266,False,False
10,B5,42,batch_reoptimize,58.5672,50.9438,1.1496,6.118,,27,5,True,-12.206266,False,False
10,B5,123,nearest_neighbor,63.2322,52.52,1.204,5.7962,,11,2,True,-11.923247,False,False
10,B5,123,cheapest_insertion,63.2322,52.52,1.204,5.7962,,11,2,True,-11.923247,False,False
10,B5,123,batch_reoptimize,63.2322,52.52,1.204,5.7962,,11,2,True,-11.923247,False,False
10,B5,7,nearest_neighbor,70.9114,57.7374,1.2282,5.4367,,13,3,True,-15.672859,False,False
10,B5,7,cheapest_insertion,72.6053,57.7374,1.2575,5.4367,,13,3,True,-15.672859,False,False
10,B5,7,batch_reoptimize,72.6053,57.7374,1.2575,5.4367,,13,3,True,-15.672859,False,False
10,B5,99,nearest_neighbor,62.8562,57.4521,1.0941,5.6083,,17,4,True,-16.521878,False,False
10,B5,99,cheapest_insertion,62.8562,57.4521,1.0941,5.6083,,17,4,True,-16.521878,False,False
10,B5,99,batch_reoptimize,62.8562,57.4521,1.0941,5.6083,,17,4,True,-16.521878,False,False
10,B5,256,nearest_neighbor,53.2851,50.7309,1.0503,5.7856,,11,2,True,-7.200076,False,False
10,B5,256,cheapest_insertion,53.2851,50.7309,1.0503,5.7856,,11,2,True,-7.200076,False,False
10,B5,256,batch_reoptimize,53.2851,50.7309,1.0503,5.7856,,11,2,True,-7.200076,False,False
10,C,42,nearest_neighbor,41.7579,33.3283,1.2529,4.3207,1.3162,513,10,True,-1.054183,True,False
10,C,42,cheapest_insertion,33.3738,33.3283,1.0014,4.3207,1.3162,513,10,True,-4.412532,True,False
10,C,42,batch_reoptimize,33.3738,33.3283,1.0014,4.3207,1.3162,513,10,True,-4.412532,True,False
10,C,123,nearest_neighbor,35.4544,31.4645,1.1268,4.5082,1.2206,513,10,True,-1.47488,True,False
10,C,123,cheapest_insertion,31.8243,31.4645,1.0114,4.5082,1.2206,513,10,True,-3.289946,True,False
10,C,123,batch_reoptimize,31.5588,31.4645,1.003,4.5082,1.2206,513,10,True,-3.422705,True,False
10,C,7,nearest_neighbor,35.089,35.0872,1.0001,4.3573,1.2202,513,10,True,-3.861805,True,False
10,C,7,cheapest_insertion,35.089,35.0872,1.0001,4.3573,1.2202,513,10,True,-3.861805,True,False
10,C,7,batch_reoptimize,35.089,35.0872,1.0001,4.3573,1.2202,513,10,True,-3.861805,True,False
10,C,99,nearest_neighbor,43.419,36.9963,1.1736,4.6296,1.162,513,10,False,0.215024,True,True
10,C,99,cheapest_insertion,37.1127,36.9963,1.0031,4.6296,1.162,513,10,True,-2.938143,True,False
10,C,99,batch_reoptimize,37.1127,36.9963,1.0031,4.6296,1.162,513,10,True,-2.938143,True,False
10,C,256,nearest_neighbor,42.7913,30.6988,1.3939,4.0803,1.4692,513,10,True,-1.155717,True,False
10,C,256,cheapest_insertion,36.2193,30.6988,1.1798,4.0803,1.4692,513,10,True,-4.374898,True,False
10,C,256,batch_reoptimize,36.2193,30.6988,1.1798,4.0803,1.4692,513,10,True,-4.374898,True,False
10,D,42,nearest_neighbor,44.431,38.9901,1.1395,5.7013,,39,5,True,-11.209519,False,False
10,D,42,cheapest_insertion,43.6308,38.9901,1.119,5.7013,,39,5,True,-11.209519,False,False
10,D,42,batch_reoptimize,43.6308,38.9901,1.119,5.7013,,39,5,True,-11.209519,False,False
10,D,123,nearest_neighbor,40.9999,35.3577,1.1596,6.0762,,19,4,True,-8.852278,False,False
10,D,123,cheapest_insertion,39.6338,35.3577,1.1209,6.0762,,19,4,True,-8.852278,False,False
10,D,123,batch_reoptimize,39.6338,35.3577,1.1209,6.0762,,19,4,True,-8.852278,False,False
10,D,7,nearest_neighbor,54.0782,42.9936,1.2578,5.2598,,43,5,True,-11.062737,False,False
10,D,7,cheapest_insertion,50.0865,42.9936,1.165,5.2598,,43,5,True,-11.062737,False,False
10,D,7,batch_reoptimize,50.0865,42.9936,1.165,5.2598,,43,5,True,-11.062737,False,False
10,D,99,nearest_neighbor,48.8785,40.9968,1.1923,5.8052,,55,6,True,-14.20318,False,False
10,D,99,cheapest_insertion,51.3517,40.9968,1.2526,5.8052,,55,6,True,-13.203537,False,False
10,D,99,batch_reoptimize,45.5402,40.9968,1.1108,5.8052,,55,6,True,-13.720227,False,False
10,D,256,nearest_neighbor,41.7765,38.041,1.0982,5.4357,,39,5,True,-7.647607,False,False
10,D,256,cheapest_insertion,45.2621,38.041,1.1898,5.4357,,39,5,True,-7.647607,False,False
10,D,256,batch_reoptimize,41.7765,38.041,1.0982,5.4357,,39,5,True,-7.647607,False,False
10,E,42,nearest_neighbor,52.7364,34.0878,1.5471,5.6651,,161,8,True,-5.258847,False,False
10,E,42,cheapest_insertion,46.7957,34.0878,1.3728,5.6651,,161,8,True,-9.473788,False,False
10,E,42,batch_reoptimize,46.7957,34.0878,1.3728,5.6651,,161,8,True,-9.473788,False,False
10,E,123,nearest_neighbor,38.2301,34.1901,1.1182,5.1455,,289,9,True,-9.604663,False,False
10,E,123,cheapest_insertion,37.9717,34.1901,1.1106,5.1455,,289,9,True,-9.604663,False,False
10,E,123,batch_reoptimize,38.4473,34.1901,1.1245,5.1455,,385,9,True,-9.604663,False,False
10,E,7,nearest_neighbor,51.4237,41.1908,1.2484,4.8768,,201,8,True,-9.276373,False,False
10,E,7,cheapest_insertion,46.7686,41.1908,1.1354,4.8768,,201,8,True,-10.828092,False,False
10,E,7,batch_reoptimize,46.7686,41.1908,1.1354,4.8768,,201,8,True,-10.828092,False,False
10,E,99,nearest_neighbor,55.1038,41.9772,1.3127,4.9553,,177,8,True,-6.477195,False,False
10,E,99,cheapest_insertion,47.6616,41.9772,1.1354,4.9553,,209,8,True,-9.316781,False,False
10,E,99,batch_reoptimize,45.4276,41.9772,1.0822,4.9553,,177,8,True,-9.316781,False,False
10,E,256,nearest_neighbor,34.0853,32.349,1.0537,5.5162,,39,5,True,-7.647607,False,False
10,E,256,cheapest_insertion,33.8674,32.349,1.0469,5.5162,,39,5,True,-7.647607,False,False
10,E,256,batch_reoptimize,33.8674,32.349,1.0469,5.5162,,39,5,True,-7.647607,False,False
12,A,42,nearest_neighbor,35.723,34.068,1.0486,4.8704,1.1295,4095,12,True,-0.590821,True,False
12,A,42,cheapest_insertion,34.9549,34.068,1.026,4.8704,1.1295,4095,12,True,-1.12807,True,False
12,A,42,batch_reoptimize,34.068,34.068,1.0,4.8704,1.1295,4095,12,True,-1.719317,True,False
12,A,123,nearest_neighbor,35.5195,33.3353,1.0655,5.4599,1.1412,4095,12,False,0.679727,True,False
12,A,123,cheapest_insertion,33.6809,33.3353,1.0104,5.4599,1.1412,4095,12,True,-0.995045,True,False
12,A,123,batch_reoptimize,33.3353,33.3353,1.0,5.4599,1.1412,4095,12,True,-1.30609,True,False
12,A,7,nearest_neighbor,36.999,36.999,1.0,5.0613,1.2088,4095,12,True,-2.066126,True,False
12,A,7,cheapest_insertion,38.9133,36.999,1.0517,5.0613,1.2088,4095,12,True,-0.325866,True,False
12,A,7,batch_reoptimize,36.999,36.999,1.0,5.0613,1.2088,4095,12,True,-2.066126,True,False
12,A,99,nearest_neighbor,49.2247,38.6359,1.2741,5.189,1.1551,4095,12,False,7.718917,True,True
12,A,99,cheapest_insertion,42.5493,38.6359,1.1013,5.189,1.1551,4095,12,False,1.711092,True,False
12,A,99,batch_reoptimize,38.6359,38.6359,1.0,5.189,1.1551,4095,12,True,-1.810999,True,False
12,A,256,nearest_neighbor,47.232,35.6291,1.3257,4.6965,1.119,4095,12,False,9.258329,True,True
12,A,256,cheapest_insertion,35.6291,35.6291,1.0,4.6965,1.119,4095,12,True,-1.289694,True,False
12,A,256,batch_reoptimize,35.6291,35.6291,1.0,4.6965,1.119,4095,12,True,-1.289694,True,False
12,B1,42,nearest_neighbor,42.7241,35.9923,1.187,5.1707,,1537,11,True,-4.412532,False,False
12,B1,42,cheapest_insertion,41.6754,35.9923,1.1579,5.1707,,1537,11,True,-4.412532,False,False
12,B1,42,batch_reoptimize,39.2447,35.9923,1.0904,5.1707,,1537,11,True,-4.412532,False,False
12,B1,123,nearest_neighbor,49.569,33.8964,1.4624,5.6659,,641,10,True,-3.494135,False,False
12,B1,123,cheapest_insertion,38.8509,33.8964,1.1462,5.6659,,641,10,True,-8.110706,False,False
12,B1,123,batch_reoptimize,36.358,33.8964,1.0726,5.6659,,641,10,True,-8.941682,False,False
12,B1,7,nearest_neighbor,49.7833,39.133,1.2722,5.0456,,833,10,True,-6.69681,False,False
12,B1,7,cheapest_insertion,45.803,39.133,1.1704,5.0456,,833,10,True,-9.339521,False,False
12,B1,7,batch_reoptimize,42.0183,39.133,1.0737,5.0456,,833,10,True,-9.452234,False,False
12,B1,99,nearest_neighbor,53.8958,38.6359,1.395,5.3757,,769,10,True,-4.034006,False,False
12,B1,99,cheapest_insertion,44.1843,38.6359,1.1436,5.3757,,769,10,True,-6.025268,False,False
12,B1,99,batch_reoptimize,41.5033,38.6359,1.0742,5.3757,,1153,11,True,-6.025268,False,False
12,B1,256,nearest_neighbor,50.709,36.0489,1.4067,4.8464,,561,10,True,-1.623237,False,False
12,B1,256,cheapest_insertion,43.8201,36.0489,1.2156,4.8464,,657,10,True,-4.400152,False,False
12,B1,256,batch_reoptimize,40.4471,36.0489,1.122,4.8464,,561,10,True,-4.400152,False,False
12,B2,42,nearest_neighbor,40.7243,36.2081,1.1247,6.5346,,241,8,True,-6.206266,False,False
12,B2,42,cheapest_insertion,39.8654,36.2081,1.101,6.5346,,241,8,True,-6.206266,False,False
12,B2,42,batch_reoptimize,39.8654,36.2081,1.101,6.5346,,241,8,True,-6.206266,False,False
12,B2,123,nearest_neighbor,46.2957,38.7414,1.195,6.3189,,65,6,True,-11.717111,False,False
12,B2,123,cheapest_insertion,43.0045,38.7414,1.11,6.3189,,129,7,True,-11.923247,False,False
12,B2,123,batch_reoptimize,41.9591,38.7414,1.0831,6.3189,,129,7,True,-11.923247,False,False
12,B2,7,nearest_neighbor,52.3258,45.2477,1.1564,5.4724,,189,8,True,-11.062737,False,False
12,B2,7,cheapest_insertion,51.5849,45.2477,1.1401,5.4724,,189,8,True,-11.062737,False,False
12,B2,7,batch_reoptimize,50.986,45.2477,1.1268,5.4724,,189,8,True,-11.062737,False,False
12,B2,99,nearest_neighbor,47.3063,41.017,1.1533,6.2244,,141,7,True,-9.012634,False,False
12,B2,99,cheapest_insertion,44.5677,41.017,1.0866,6.2244,,141,7,True,-9.012634,False,False
12,B2,99,batch_reoptimize,44.5677,41.017,1.0866,6.2244,,141,7,True,-9.012634,False,False
12,B2,256,nearest_neighbor,47.8996,40.1168,1.194,5.5509,,61,6,True,-4.400152,False,False
12,B2,256,cheapest_insertion,43.5697,40.1168,1.0861,5.5509,,125,7,True,-4.400152,False,False
12,B2,256,batch_reoptimize,43.5697,40.1168,1.0861,5.5509,,125,7,True,-4.400152,False,False
12,B5,42,nearest_neighbor,64.437,59.6858,1.0796,7.1648,,23,4,True,-12.206266,False,False
12,B5,42,cheapest_insertion,65.9276,59.6858,1.1046,7.1648,,35,5,True,-12.206266,False,False
12,B5,42,batch_reoptimize,65.9276,59.6858,1.1046,7.1648,,35,5,True,-12.206266,False,False
12,B5,123,nearest_neighbor,70.9487,64.4773,1.1004,6.6612,,15,3,True,-11.923247,False,False
12,B5,123,cheapest_insertion,70.9487,64.4773,1.1004,6.6612,,15,3,True,-11.923247,False,False
12,B5,123,batch_reoptimize,70.9487,64.4773,1.1004,6.6612,,15,3,True,-11.923247,False,False
12,B5,7,nearest_neighbor,78.332,67.6106,1.1586,6.45,,16,3,True,-15.672859,False,False
12,B5,7,cheapest_insertion,78.0035,67.6106,1.1537,6.45,,19,4,True,-15.672859,False,False
12,B5,7,batch_reoptimize,78.0035,67.6106,1.1537,6.45,,19,4,True,-15.672859,False,False
12,B5,99,nearest_neighbor,65.6636,63.669,1.0313,6.9392,,20,4,True,-16.521878,False,False
12,B5,99,cheapest_insertion,65.6636,63.669,1.0313,6.9392,,20,4,True,-16.521878,False,False
12,B5,99,batch_reoptimize,65.6636,63.669,1.0313,6.9392,,20,4,True,-16.521878,False,False
12,B5,256,nearest_neighbor,68.7636,64.0705,1.0732,6.5482,,13,2,True,-7.200076,False,False
12,B5,256,cheapest_insertion,68.7636,64.0705,1.0732,6.5482,,13,2,True,-7.200076,False,False
12,B5,256,batch_reoptimize,68.7636,64.0705,1.0732,6.5482,,13,2,True,-7.200076,False,False
12,C,42,nearest_neighbor,48.9214,34.068,1.436,4.8704,1.545,2049,12,True,-1.85723,True,False
12,C,42,cheapest_insertion,41.5726,34.068,1.2203,4.8704,1.545,2049,12,True,-4.412532,True,False
12,C,42,batch_reoptimize,40.8257,34.068,1.1984,4.8704,1.545,2049,12,True,-4.412532,True,False
12,C,123,nearest_neighbor,37.8451,33.3353,1.1353,5.4599,1.2162,2049,12,True,-1.348654,True,False
12,C,123,cheapest_insertion,33.7753,33.3353,1.0132,5.4599,1.2162,2049,12,True,-3.383572,True,False
12,C,123,batch_reoptimize,33.4296,33.3353,1.0028,5.4599,1.2162,2049,12,True,-3.556374,True,False
12,C,7,nearest_neighbor,37.0009,36.999,1.0,5.0613,1.2088,2049,12,True,-3.861805,True,False
12,C,7,cheapest_insertion,38.5452,36.999,1.0418,5.0613,1.2088,2049,12,True,-3.089628,True,False
12,C,7,batch_reoptimize,37.0009,36.999,1.0,5.0613,1.2088,2049,12,True,-3.861805,True,False
12,C,99,nearest_neighbor,49.3411,38.6359,1.2771,5.189,1.1551,2049,12,False,2.356256,True,True
12,C,99,cheapest_insertion,38.7523,38.6359,1.003,5.189,1.1551,2049,12,True,-2.938143,True,False
12,C,99,batch_reoptimize,38.7523,38.6359,1.003,5.189,1.1551,2049,12,True,-2.938143,True,False
12,C,256,nearest_neighbor,50.6885,35.6291,1.4227,4.6965,1.4023,2049,12,False,0.36305,True,True
12,C,256,cheapest_insertion,41.6741,35.6291,1.1697,4.6965,1.4023,2049,12,True,-4.144165,True,False
12,C,256,batch_reoptimize,41.0144,35.6291,1.1511,4.6965,1.4023,2049,12,True,-4.396426,True,False
12,D,42,nearest_neighbor,52.9281,42.7968,1.2367,6.9288,,48,5,True,-12.551056,False,False
12,D,42,cheapest_insertion,47.6898,42.7968,1.1143,6.9288,,64,6,True,-12.551056,False,False
12,D,42,batch_reoptimize,47.7334,42.7968,1.1153,6.9288,,64,6,True,-12.551056,False,False
12,D,123,nearest_neighbor,45.8051,39.7907,1.1511,7.4872,,21,3,True,-8.852278,False,False
12,D,123,cheapest_insertion,43.1393,39.7907,1.0842,7.4872,,21,3,True,-8.852278,False,False
12,D,123,batch_reoptimize,43.1393,39.7907,1.0842,7.4872,,21,3,True,-8.852278,False,False
12,D,7,nearest_neighbor,57.2491,46.5507,1.2298,6.5805,,51,5,True,-11.062737,False,False
12,D,7,cheapest_insertion,53.8664,46.5507,1.1572,6.5805,,75,6,True,-11.062737,False,False
12,D,7,batch_reoptimize,53.8664,46.5507,1.1572,6.5805,,75,6,True,-11.062737,False,False
12,D,99,nearest_neighbor,57.5457,45.9387,1.2527,6.8699,,71,6,True,-14.013089,False,False
12,D,99,cheapest_insertion,48.7838,45.9387,1.0619,6.8699,,71,6,True,-15.012634,False,False
12,D,99,batch_reoptimize,48.7838,45.9387,1.0619,6.8699,,71,6,True,-15.012634,False,False
12,D,256,nearest_neighbor,50.8543,44.5695,1.141,6.5249,,55,5,True,-7.647607,False,False
12,D,256,cheapest_insertion,52.9425,44.5695,1.1879,6.5249,,63,6,True,-7.647607,False,False
12,D,256,batch_reoptimize,47.747,44.5695,1.0713,6.5249,,55,5,True,-7.647607,False,False
12,E,42,nearest_neighbor,58.3386,38.4828,1.516,6.4555,,353,9,True,-5.908348,False,False
12,E,42,cheapest_insertion,51.8419,38.4828,1.3471,6.4555,,577,10,True,-10.209538,False,False
12,E,42,batch_reoptimize,51.8419,38.4828,1.3471,6.4555,,577,10,True,-10.209538,False,False
12,E,123,nearest_neighbor,53.6185,37.32,1.4367,6.426,,385,9,True,-10.636141,False,False
12,E,123,cheapest_insertion,42.5429,37.32,1.1399,6.426,,417,9,True,-11.019289,False,False
12,E,123,batch_reoptimize,46.7321,37.32,1.2522,6.426,,417,9,True,-11.019289,False,False
12,E,7,nearest_neighbor,59.7538,45.2071,1.3218,5.8222,,531,10,True,-11.543951,False,False
12,E,7,cheapest_insertion,50.8354,45.2071,1.1245,5.8222,,531,10,True,-11.897573,False,False
12,E,7,batch_reoptimize,50.8354,45.2071,1.1245,5.8222,,531,10,True,-11.897573,False,False
12,E,99,nearest_neighbor,59.1349,45.6744,1.2947,5.8528,,177,7,True,-10.57761,False,False
12,E,99,cheapest_insertion,51.5327,45.6744,1.1283,5.8528,,193,7,True,-10.57761,False,False
12,E,99,batch_reoptimize,51.1733,45.6744,1.1204,5.8528,,177,7,True,-10.57761,False,False
12,E,256,nearest_neighbor,45.217,39.712,1.1386,6.6,,53,6,True,-7.647607,False,False
12,E,256,cheapest_insertion,44.2923,39.712,1.1153,6.6,,65,6,True,-7.647607,False,False
12,E,256,batch_reoptimize,44.2923,39.712,1.1153,6.6,,65,6,True,-7.647607,False,False
15,A,42,nearest_neighbor,38.1049,36.3758,1.0475,5.6906,1.1213,32767,15,False,0.063388,True,False
15,A,42,cheapest_insertion,36.3758,36.3758,1.0,5.6906,1.1213,32767,15,True,-1.473553,True,False
15,A,42,batch_reoptimize,36.3758,36.3758,1.0,5.6906,1.1213,32767,15,True,-1.473553,True,False
15,A,123,nearest_neighbor,36.5086,33.9659,1.0749,6.4862,1.1454,32767,15,False,1.090734,True,False
15,A,123,cheapest_insertion,33.9659,33.9659,1.0,6.4862,1.1454,32767,15,True,-1.256386,True,False
15,A,123,batch_reoptimize,33.9659,33.9659,1.0,6.4862,1.1454,32767,15,True,-1.256386,True,False
15,A,7,nearest_neighbor,51.7004,39.84,1.2977,6.0307,1.1939,32767,15,False,9.424933,True,True
15,A,7,cheapest_insertion,41.0518,39.84,1.0304,6.0307,1.1939,32767,15,True,-0.428896,True,False
15,A,7,batch_reoptimize,39.84,39.84,1.0,6.0307,1.1939,32767,15,True,-1.547497,True,False
15,A,99,nearest_neighbor,41.6256,39.6173,1.0507,6.0358,1.1513,32767,15,False,0.385723,True,False
15,A,99,cheapest_insertion,46.3004,39.6173,1.1687,6.0358,1.1513,32767,15,False,4.726645,True,True
15,A,99,batch_reoptimize,39.6173,39.6173,1.0,6.0358,1.1513,32767,15,True,-1.46066,True,False
15,A,256,nearest_neighbor,45.4331,36.8873,1.2317,5.939,1.115,32767,15,False,6.545858,True,True
15,A,256,cheapest_insertion,38.5375,36.8873,1.0447,5.939,1.115,32767,15,False,0.22162,True,False
15,A,256,batch_reoptimize,36.8873,36.8873,1.0,5.939,1.115,32767,15,True,-1.269297,True,False
15,B1,42,nearest_neighbor,42.9905,38.8374,1.1069,6.3249,,6657,13,True,-4.412532,False,False
15,B1,42,cheapest_insertion,42.6441,38.8374,1.098,6.3249,,6657,13,True,-4.412532,False,False
15,B1,42,batch_reoptimize,42.572,38.8374,1.0962,6.3249,,6657,13,True,-4.412532,False,False
15,B1,123,nearest_neighbor,52.9203,36.8295,1.4369,6.7936,,1665,11,True,-8.024831,False,False
15,B1,123,cheapest_insertion,41.5107,36.8295,1.1271,6.7936,,2689,12,True,-10.426139,False,False
15,B1,123,batch_reoptimize,40.3161,36.8295,1.0947,6.7936,,2689,12,True,-10.426139,False,False
15,B1,7,nearest_neighbor,49.3319,41.9739,1.1753,6.2646,,2881,12,True,-9.140403,False,False
15,B1,7,cheapest_insertion,44.0776,41.9739,1.0501,6.2646,,3393,12,True,-9.866054,False,False
15,B1,7,batch_reoptimize,44.8592,41.9739,1.0687,6.2646,,4417,13,True,-9.753365,False,False
15,B1,99,nearest_neighbor,54.2286,41.0225,1.3219,6.4846,,1793,11,True,-6.025268,False,False
15,B1,99,cheapest_insertion,52.9334,41.0225,1.2903,6.4846,,4353,13,True,-6.025268,False,False
15,B1,99,batch_reoptimize,42.4847,41.0225,1.0356,6.4846,,3713,12,True,-6.025268,False,False
15,B1,256,nearest_neighbor,51.5147,38.0436,1.3541,6.2975,,1841,11,True,-4.331657,False,False
15,B1,256,cheapest_insertion,47.0756,38.0436,1.2374,6.2975,,2705,12,True,-4.400152,False,False
15,B1,256,batch_reoptimize,42.5307,38.0436,1.1179,6.2975,,2609,12,True,-4.400152,False,False
15,B2,42,nearest_neighbor,56.8304,45.6631,1.2446,7.3395,,561,9,True,-6.206266,False,False
15,B2,42,cheapest_insertion,47.8939,45.6631,1.0489,7.3395,,561,9,True,-6.206266,False,False
15,B2,42,batch_reoptimize,47.8939,45.6631,1.0489,7.3395,,561,9,True,-6.206266,False,False
15,B2,123,nearest_neighbor,58.1655,43.5312,1.3362,7.8554,,113,6,True,-11.923247,False,False
15,B2,123,cheapest_insertion,52.8244,43.5312,1.2135,7.8554,,225,7,True,-11.923247,False,False
15,B2,123,batch_reoptimize,50.0286,43.5312,1.1493,7.8554,,289,8,True,-11.923247,False,False
15,B2,7,nearest_neighbor,62.2688,50.5674,1.2314,6.9633,,509,9,True,-11.062737,False,False
15,B2,7,cheapest_insertion,56.6387,50.5674,1.1201,6.9633,,509,9,True,-11.062737,False,False
15,B2,7,batch_reoptimize,56.6387,50.5674,1.1201,6.9633,,509,9,True,-11.062737,False,False
15,B2,99,nearest_neighbor,59.7486,45.8246,1.3039,7.6951,,269,8,True,-9.012634,False,False
15,B2,99,cheapest_insertion,51.0923,45.8246,1.115,7.6951,,269,8,True,-9.012634,False,False
15,B2,99,batch_reoptimize,51.0923,45.8246,1.115,7.6951,,269,8,True,-9.012634,False,False
15,B2,256,nearest_neighbor,47.7754,43.0621,1.1095,7.5834,,109,6,True,-4.400152,False,False
15,B2,256,cheapest_insertion,46.4445,43.0621,1.0785,7.5834,,253,8,True,-4.400152,False,False
15,B2,256,batch_reoptimize,46.4445,43.0621,1.0785,7.5834,,253,8,True,-4.400152,False,False
15,B5,42,nearest_neighbor,82.0503,77.0503,1.0649,8.3475,,26,4,True,-12.206266,False,False
15,B5,42,cheapest_insertion,83.5674,77.0503,1.0846,8.3475,,45,5,True,-12.206266,False,False
15,B5,42,batch_reoptimize,83.5674,77.0503,1.0846,8.3475,,45,5,True,-12.206266,False,False
15,B5,123,nearest_neighbor,81.0441,76.9599,1.0531,8.3634,,18,3,True,-11.923247,False,False
15,B5,123,cheapest_insertion,81.0441,76.9599,1.0531,8.3634,,18,3,True,-11.923247,False,False
15,B5,123,batch_reoptimize,81.0441,76.9599,1.0531,8.3634,,18,3,True,-11.923247,False,False
15,B5,7,nearest_neighbor,87.5994,81.798,1.0709,8.0392,,21,3,True,-15.672859,False,False
15,B5,7,cheapest_insertion,88.6371,81.798,1.0836,8.0392,,29,4,True,-15.672859,False,False
15,B5,7,batch_reoptimize,88.6371,81.798,1.0836,8.0392,,29,4,True,-15.672859,False,False
15,B5,99,nearest_neighbor,76.7901,74.2291,1.0345,8.8393,,23,4,True,-16.521878,False,False
15,B5,99,cheapest_insertion,76.7901,74.2291,1.0345,8.8393,,23,4,True,-16.521878,False,False
15,B5,99,batch_reoptimize,76.7901,74.2291,1.0345,8.8393,,23,4,True,-16.521878,False,False
15,B5,256,nearest_neighbor,82.8096,77.8096,1.0643,8.2306,,16,2,True,-7.200076,False,False
15,B5,256,cheapest_insertion,82.8096,77.8096,1.0643,8.2306,,16,2,True,-7.200076,False,False
15,B5,256,batch_reoptimize,82.8096,77.8096,1.0643,8.2306,,16,2,True,-7.200076,False,False
15,C,42,nearest_neighbor,38.8959,36.3758,1.0693,5.6906,1.1412,16385,15,True,-1.308889,True,False
15,C,42,cheapest_insertion,40.8917,36.3758,1.1241,5.6906,1.1412,16385,15,True,-0.310983,True,False
15,C,42,batch_reoptimize,36.5104,36.3758,1.0037,5.6906,1.1412,16385,15,True,-2.501626,True,False
15,C,123,nearest_neighbor,38.8343,33.9659,1.1433,6.4862,1.202,16385,15,True,-0.996569,True,False
15,C,123,cheapest_insertion,34.0603,33.9659,1.0028,6.4862,1.202,16385,15,True,-3.383572,True,False
15,C,123,batch_reoptimize,34.0603,33.9659,1.0028,6.4862,1.202,16385,15,True,-3.383572,True,False
15,C,7,nearest_neighbor,54.9679,39.84,1.3797,6.0307,1.4598,16385,15,True,-1.594797,True,False
15,C,7,cheapest_insertion,47.0713,39.84,1.1815,6.0307,1.4598,16385,15,True,-5.543087,True,False
15,C,7,batch_reoptimize,45.5169,39.84,1.1425,6.0307,1.4598,16385,15,True,-6.320281,True,False
15,C,99,nearest_neighbor,45.5803,39.6173,1.1505,6.0358,1.3276,16385,15,True,-3.507851,True,False
15,C,99,cheapest_insertion,48.4811,39.6173,1.2237,6.0358,1.3276,16385,15,True,-2.057441,True,False
15,C,99,batch_reoptimize,41.995,39.6173,1.06,6.0358,1.3276,16385,15,True,-5.300497,True,False
15,C,256,nearest_neighbor,53.7655,36.8873,1.4576,5.939,1.479,16385,15,True,-0.394908,True,False
15,C,256,cheapest_insertion,45.1781,36.8873,1.2248,5.939,1.479,16385,15,True,-4.400152,True,False
15,C,256,batch_reoptimize,42.4552,36.8873,1.1509,5.939,1.479,16385,15,True,-4.400152,True,False
15,D,42,nearest_neighbor,63.563,51.326,1.2384,8.4055,,78,5,True,-11.884657,False,False
15,D,42,cheapest_insertion,63.1936,51.326,1.2312,8.4055,,142,7,True,-11.884657,False,False
15,D,42,batch_reoptimize,56.4729,51.326,1.1003,8.4055,,126,6,True,-11.884657,False,False
15,D,123,nearest_neighbor,60.8076,51.6735,1.1768,8.4003,,31,4,True,-8.852278,False,False
15,D,123,cheapest_insertion,58.3809,51.6735,1.1298,8.4003,,27,4,True,-8.852278,False,False
15,D,123,batch_reoptimize,58.3809,51.6735,1.1298,8.4003,,27,4,True,-8.852278,False,False
15,D,7,nearest_neighbor,65.4997,51.4286,1.2736,8.7466,,125,6,True,-11.062737,False,False
15,D,7,cheapest_insertion,62.6075,51.4286,1.2174,8.7466,,133,6,True,-11.062737,False,False
15,D,7,batch_reoptimize,64.2795,51.4286,1.2499,8.7466,,145,7,True,-11.062737,False,False
15,D,99,nearest_neighbor,61.1308,53.5972,1.1406,8.4317,,83,6,True,-16.373564,False,False
15,D,99,cheapest_insertion,58.3092,53.5972,1.0879,8.4317,,111,6,True,-16.373564,False,False
15,D,99,batch_reoptimize,58.3092,53.5972,1.0879,8.4317,,111,6,True,-16.373564,False,False
15,D,256,nearest_neighbor,63.1269,51.4087,1.2279,8.3526,,81,6,True,-7.647607,False,False
15,D,256,cheapest_insertion,62.9406,51.4087,1.2243,8.3526,,169,7,True,-7.647607,False,False
15,D,256,batch_reoptimize,59.7748,51.4087,1.1627,8.3526,,81,6,True,-7.647607,False,False
15,E,42,nearest_neighbor,53.4726,43.1592,1.239,7.3959,,833,10,True,-10.775486,False,False
15,E,42,cheapest_insertion,51.8018,43.1592,1.2002,7.3959,,721,10,True,-11.250179,False,False
15,E,42,batch_reoptimize,51.6452,43.1592,1.1966,7.3959,,721,10,True,-11.289324,False,False
15,E,123,nearest_neighbor,58.3709,44.3541,1.316,7.8897,,369,8,True,-13.141228,False,False
15,E,123,cheapest_insertion,50.1463,44.3541,1.1306,7.8897,,577,9,True,-13.141228,False,False
15,E,123,batch_reoptimize,49.4315,44.3541,1.1145,7.8897,,641,9,True,-13.141228,False,False
15,E,7,nearest_neighbor,59.4808,49.0844,1.2118,7.426,,1225,11,True,-11.897573,False,False
15,E,7,cheapest_insertion,56.6641,49.0844,1.1544,7.426,,2121,12,True,-11.897573,False,False
15,E,7,batch_reoptimize,55.8146,49.0844,1.1371,7.426,,2121,12,True,-11.897573,False,False
15,E,99,nearest_neighbor,66.1248,51.1316,1.2932,7.603,,297,8,True,-12.468854,False,False
15,E,99,cheapest_insertion,56.9984,51.1316,1.1147,7.603,,417,9,True,-12.468854,False,False
15,E,99,batch_reoptimize,57.723,51.1316,1.1289,7.603,,297,8,True,-12.468854,False,False
15,E,256,nearest_neighbor,50.236,46.6403,1.0771,8.5578,,155,8,True,-7.647607,False,False
15,E,256,cheapest_insertion,49.5634,46.6403,1.0627,8.5578,,163,8,True,-7.647607,False,False
15,E,256,batch_reoptimize,49.5634,46.6403,1.0627,8.5578,,163,8,True,-7.647607,False,False
