n,pattern,seed,policy,L,rho,tau,C_N_online,c_star_N,r,r_star,r_ss,n_feasible,k,core_nonempty,core_epsilon,theorem11_applicable,theorem11_fires
5,A,7,nearest_neighbor,2.2361,inf,0.0,8.2522,6.7467,1.2231,2.5319,1.3167,31,5,False,0.395498,True,False
5,A,7,cheapest_insertion,2.2361,inf,0.0,6.7467,6.7467,1.0,2.5319,1.3167,31,5,True,-0.804839,True,False
5,A,7,batch_reoptimize,2.2361,inf,0.0,6.7467,6.7467,1.0,2.5319,1.3167,31,5,True,-0.804839,True,False
5,A,42,nearest_neighbor,2.2361,inf,0.0,6.256,5.9151,1.0576,3.0129,1.1663,31,5,True,-0.321283,True,False
5,A,42,cheapest_insertion,2.2361,inf,0.0,5.9151,5.9151,1.0,3.0129,1.1663,31,5,True,-0.491737,True,False
5,A,42,batch_reoptimize,2.2361,inf,0.0,5.9151,5.9151,1.0,3.0129,1.1663,31,5,True,-0.491737,True,False
5,A,99,nearest_neighbor,2.2361,inf,0.0,6.0732,5.7496,1.0563,3.0608,1.2331,31,5,True,-0.508189,True,False
5,A,99,cheapest_insertion,2.2361,inf,0.0,5.7496,5.7496,1.0,3.0608,1.2331,31,5,True,-0.669998,True,False
5,A,99,batch_reoptimize,2.2361,inf,0.0,5.7496,5.7496,1.0,3.0608,1.2331,31,5,True,-0.669998,True,False
5,A,123,nearest_neighbor,2.2361,inf,0.0,6.3529,6.1072,1.0402,2.9295,1.3378,31,5,True,-0.471278,True,False
5,A,123,cheapest_insertion,2.2361,inf,0.0,6.1199,6.1072,1.0021,2.9295,1.3378,31,5,True,-0.657657,True,False
5,A,123,batch_reoptimize,2.2361,inf,0.0,6.1072,6.1072,1.0,2.9295,1.3378,31,5,True,-0.667808,True,False
5,A,256,nearest_neighbor,2.2361,inf,0.0,6.1648,5.1672,1.1931,2.1502,1.1835,31,5,False,0.18882,True,True
5,A,256,cheapest_insertion,2.2361,inf,0.0,5.1672,5.1672,1.0,2.1502,1.1835,31,5,True,-0.47419,True,False
5,A,256,batch_reoptimize,2.2361,inf,0.0,5.1672,5.1672,1.0,2.1502,1.1835,31,5,True,-0.47419,True,False
5,B_heavy,7,nearest_neighbor,2.2361,4.0,0.1781,7.0388,6.7467,1.0433,2.5319,1.3785,17,5,True,-1.130816,True,False
5,B_heavy,7,cheapest_insertion,2.2361,4.0,0.1781,7.4124,6.7467,1.0987,2.5319,1.3785,17,5,True,-0.944035,True,False
5,B_heavy,7,batch_reoptimize,2.2361,4.0,0.1781,7.0388,6.7467,1.0433,2.5319,1.3785,17,5,True,-1.130816,True,False
5,B_heavy,42,nearest_neighbor,2.2361,4.0,0.1781,6.7811,5.9151,1.1464,3.0129,1.737,17,5,True,-0.986672,True,False
5,B_heavy,42,cheapest_insertion,2.2361,4.0,0.1781,6.7811,5.9151,1.1464,3.0129,1.737,17,5,True,-0.986672,True,False
5,B_heavy,42,batch_reoptimize,2.2361,4.0,0.1781,6.7811,5.9151,1.1464,3.0129,1.737,17,5,True,-0.986672,True,False
5,B_heavy,99,nearest_neighbor,2.2361,4.0,0.1781,6.0015,5.7496,1.0438,3.0608,1.6459,17,5,True,-1.347291,True,False
5,B_heavy,99,cheapest_insertion,2.2361,4.0,0.1781,5.7496,5.7496,1.0,3.0608,1.6459,17,5,True,-1.347291,True,False
5,B_heavy,99,batch_reoptimize,2.2361,4.0,0.1781,5.7496,5.7496,1.0,3.0608,1.6459,17,5,True,-1.347291,True,False
5,B_heavy,123,nearest_neighbor,2.2361,4.0,0.1781,7.5893,6.1072,1.2427,2.9295,1.5006,17,5,True,-0.78772,True,False
5,B_heavy,123,cheapest_insertion,2.2361,4.0,0.1781,6.1199,6.1072,1.0021,2.9295,1.5006,17,5,True,-1.522443,True,False
5,B_heavy,123,batch_reoptimize,2.2361,4.0,0.1781,6.1199,6.1072,1.0021,2.9295,1.5006,17,5,True,-1.522443,True,False
5,B_heavy,256,nearest_neighbor,2.2361,4.0,0.1781,6.1332,5.1672,1.1869,2.1502,1.4259,17,5,True,-0.6173,True,False
5,B_heavy,256,cheapest_insertion,2.2361,4.0,0.1781,5.5624,5.1672,1.0765,2.1502,1.4259,17,5,True,-0.902736,True,False
5,B_heavy,256,batch_reoptimize,2.2361,4.0,0.1781,5.5624,5.1672,1.0765,2.1502,1.4259,17,5,True,-0.902736,True,False
5,B_medium,7,nearest_neighbor,2.2361,2.0,0.3562,7.0388,6.7467,1.0433,2.5319,1.3785,17,5,True,-1.130816,True,False
5,B_medium,7,cheapest_insertion,2.2361,2.0,0.3562,7.4124,6.7467,1.0987,2.5319,1.3785,17,5,True,-0.944035,True,False
5,B_medium,7,batch_reoptimize,2.2361,2.0,0.3562,7.0388,6.7467,1.0433,2.5319,1.3785,17,5,True,-1.130816,True,False
5,B_medium,42,nearest_neighbor,2.2361,2.0,0.3562,6.7811,5.9151,1.1464,3.0129,1.737,17,5,True,-0.986672,True,False
5,B_medium,42,cheapest_insertion,2.2361,2.0,0.3562,6.7811,5.9151,1.1464,3.0129,1.737,17,5,True,-0.986672,True,False
5,B_medium,42,batch_reoptimize,2.2361,2.0,0.3562,6.7811,5.9151,1.1464,3.0129,1.737,17,5,True,-0.986672,True,False
5,B_medium,99,nearest_neighbor,2.2361,2.0,0.3562,6.0015,5.7496,1.0438,3.0608,1.6459,17,5,True,-1.347291,True,False
5,B_medium,99,cheapest_insertion,2.2361,2.0,0.3562,5.7496,5.7496,1.0,3.0608,1.6459,17,5,True,-1.347291,True,False
5,B_medium,99,batch_reoptimize,2.2361,2.0,0.3562,5.7496,5.7496,1.0,3.0608,1.6459,17,5,True,-1.347291,True,False
5,B_medium,123,nearest_neighbor,2.2361,2.0,0.3562,7.5893,6.1072,1.2427,2.9295,1.5006,17,5,True,-0.78772,True,False
5,B_medium,123,cheapest_insertion,2.2361,2.0,0.3562,6.1199,6.1072,1.0021,2.9295,1.5006,17,5,True,-1.522443,True,False
5,B_medium,123,batch_reoptimize,2.2361,2.0,0.3562,6.1199,6.1072,1.0021,2.9295,1.5006,17,5,True,-1.522443,True,False
5,B_medium,256,nearest_neighbor,2.2361,2.0,0.3562,6.1332,5.1672,1.1869,2.1502,,13,4,True,-0.783361,False,False
5,B_medium,256,cheapest_insertion,2.2361,2.0,0.3562,5.5624,5.1672,1.0765,2.1502,,13,4,True,-0.973652,False,False
5,B_medium,256,batch_reoptimize,2.2361,2.0,0.3562,5.5624,5.1672,1.0765,2.1502,,13,4,True,-0.973652,False,False
5,B_light,7,nearest_neighbor,2.2361,0.5,1.4248,8.1237,6.7467,1.2041,2.5319,,6,2,True,-1.791689,False,False
5,B_light,7,cheapest_insertion,2.2361,0.5,1.4248,8.1237,6.7467,1.2041,2.5319,,6,2,True,-1.791689,False,False
5,B_light,7,batch_reoptimize,2.2361,0.5,1.4248,8.1237,6.7467,1.2041,2.5319,,6,2,True,-1.791689,False,False
5,B_light,42,nearest_neighbor,2.2361,0.5,1.4248,9.9757,5.9151,1.6865,3.0129,,6,2,True,-0.986672,False,False
5,B_light,42,cheapest_insertion,2.2361,0.5,1.4248,9.9757,5.9151,1.6865,3.0129,,6,2,True,-0.986672,False,False
5,B_light,42,batch_reoptimize,2.2361,0.5,1.4248,9.9757,5.9151,1.6865,3.0129,,6,2,True,-0.986672,False,False
5,B_light,99,nearest_neighbor,2.2361,0.5,1.4248,9.6693,5.7496,1.6817,3.0608,,6,2,True,-1.347291,False,False
5,B_light,99,cheapest_insertion,2.2361,0.5,1.4248,9.6693,5.7496,1.6817,3.0608,,6,2,True,-1.347291,False,False
5,B_light,99,batch_reoptimize,2.2361,0.5,1.4248,9.6693,5.7496,1.6817,3.0608,,6,2,True,-1.347291,False,False
5,B_light,123,nearest_neighbor,2.2361,0.5,1.4248,8.3819,6.1072,1.3725,2.9295,,6,2,True,-1.901769,False,False
5,B_light,123,cheapest_insertion,2.2361,0.5,1.4248,8.3819,6.1072,1.3725,2.9295,,6,2,True,-1.901769,False,False
5,B_light,123,batch_reoptimize,2.2361,0.5,1.4248,8.3819,6.1072,1.3725,2.9295,,6,2,True,-1.901769,False,False
5,B_light,256,nearest_neighbor,2.2361,0.5,1.4248,8.8918,5.1672,1.7208,2.1502,,6,1,True,-0.443772,False,False
5,B_light,256,cheapest_insertion,2.2361,0.5,1.4248,8.8918,5.1672,1.7208,2.1502,,6,1,True,-0.443772,False,False
5,B_light,256,batch_reoptimize,2.2361,0.5,1.4248,8.8918,5.1672,1.7208,2.1502,,6,1,True,-0.443772,False,False
5,C,7,nearest_neighbor,2.2361,2.0,0.3562,9.1137,6.7467,1.3508,2.5319,1.5574,17,5,True,-0.69688,True,False
5,C,7,cheapest_insertion,2.2361,2.0,0.3562,7.6837,6.7467,1.1389,2.5319,1.5574,17,5,True,-1.411864,True,False
5,C,7,batch_reoptimize,2.2361,2.0,0.3562,7.6837,6.7467,1.1389,2.5319,1.5574,17,5,True,-1.411864,True,False
5,C,42,nearest_neighbor,2.2361,2.0,0.3562,6.1013,5.9151,1.0315,3.0129,1.6439,17,5,True,-0.986672,True,False
5,C,42,cheapest_insertion,2.2361,2.0,0.3562,6.1013,5.9151,1.0315,3.0129,1.6439,17,5,True,-0.986672,True,False
5,C,42,batch_reoptimize,2.2361,2.0,0.3562,6.1013,5.9151,1.0315,3.0129,1.6439,17,5,True,-0.986672,True,False
5,C,99,nearest_neighbor,2.2361,2.0,0.3562,6.1429,5.7496,1.0684,3.0608,,11,4,True,-1.347291,False,False
5,C,99,cheapest_insertion,2.2361,2.0,0.3562,6.0429,5.7496,1.051,3.0608,,11,4,True,-1.347291,False,False
5,C,99,batch_reoptimize,2.2361,2.0,0.3562,6.0429,5.7496,1.051,3.0608,,11,4,True,-1.347291,False,False
5,C,123,nearest_neighbor,2.2361,2.0,0.3562,7.6229,6.1072,1.2482,2.9295,1.5006,17,5,True,-0.770921,True,False
5,C,123,cheapest_insertion,2.2361,2.0,0.3562,6.1535,6.1072,1.0076,2.9295,1.5006,17,5,True,-1.505644,True,False
5,C,123,batch_reoptimize,2.2361,2.0,0.3562,6.1535,6.1072,1.0076,2.9295,1.5006,17,5,True,-1.505644,True,False
5,C,256,nearest_neighbor,2.2361,2.0,0.3562,6.0986,5.1672,1.1802,2.1502,1.3494,17,5,True,-0.437058,True,False
5,C,256,cheapest_insertion,2.2361,2.0,0.3562,5.1836,5.1672,1.0032,2.1502,1.3494,17,5,True,-0.894566,True,False
5,C,256,batch_reoptimize,2.2361,2.0,0.3562,5.1836,5.1672,1.0032,2.1502,1.3494,17,5,True,-0.894566,True,False
5,D,7,nearest_neighbor,2.2361,1.0,0.7124,8.1374,6.7467,1.2061,2.5319,,10,4,True,-1.099992,False,False
5,D,7,cheapest_insertion,2.2361,1.0,0.7124,7.9307,6.7467,1.1755,2.5319,,10,4,True,-1.168885,False,False
5,D,7,batch_reoptimize,2.2361,1.0,0.7124,7.9307,6.7467,1.1755,2.5319,,10,4,True,-1.168885,False,False
5,D,42,nearest_neighbor,2.2361,1.0,0.7124,7.2896,5.9151,1.2324,3.0129,,11,4,True,-0.986672,False,False
5,D,42,cheapest_insertion,2.2361,1.0,0.7124,7.2896,5.9151,1.2324,3.0129,,11,4,True,-0.986672,False,False
5,D,42,batch_reoptimize,2.2361,1.0,0.7124,7.2896,5.9151,1.2324,3.0129,,11,4,True,-0.986672,False,False
5,D,99,nearest_neighbor,2.2361,1.0,0.7124,6.3164,5.7496,1.0986,3.0608,,11,4,True,-1.347291,False,False
5,D,99,cheapest_insertion,2.2361,1.0,0.7124,6.1014,5.7496,1.0612,3.0608,,11,4,True,-1.347291,False,False
5,D,99,batch_reoptimize,2.2361,1.0,0.7124,6.1014,5.7496,1.0612,3.0608,,11,4,True,-1.347291,False,False
5,D,123,nearest_neighbor,2.2361,1.0,0.7124,7.7729,6.1072,1.2727,2.9295,,8,3,True,-1.763203,False,False
5,D,123,cheapest_insertion,2.2361,1.0,0.7124,7.5272,6.1072,1.2325,2.9295,,8,3,True,-1.84509,False,False
5,D,123,batch_reoptimize,2.2361,1.0,0.7124,7.5272,6.1072,1.2325,2.9295,,8,3,True,-1.84509,False,False
5,D,256,nearest_neighbor,2.2361,1.0,0.7124,7.7089,5.1672,1.4919,2.1502,,6,2,True,-0.680364,False,False
5,D,256,cheapest_insertion,2.2361,1.0,0.7124,7.7089,5.1672,1.4919,2.1502,,6,2,True,-0.680364,False,False
5,D,256,batch_reoptimize,2.2361,1.0,0.7124,7.7089,5.1672,1.4919,2.1502,,6,2,True,-0.680364,False,False
5,E,7,nearest_neighbor,2.2361,1.0,0.7124,8.5327,6.7467,1.2647,2.5319,,11,4,True,-1.388276,False,False
5,E,7,cheapest_insertion,2.2361,1.0,0.7124,8.2814,6.7467,1.2275,2.5319,,11,4,True,-1.472035,False,False
5,E,7,batch_reoptimize,2.2361,1.0,0.7124,8.2814,6.7467,1.2275,2.5319,,11,4,True,-1.472035,False,False
5,E,42,nearest_neighbor,2.2361,1.0,0.7124,7.8288,5.9151,1.3235,3.0129,,11,4,True,-0.986672,False,False
5,E,42,cheapest_insertion,2.2361,1.0,0.7124,7.8288,5.9151,1.3235,3.0129,,11,4,True,-0.986672,False,False
5,E,42,batch_reoptimize,2.2361,1.0,0.7124,7.8288,5.9151,1.3235,3.0129,,11,4,True,-0.986672,False,False
5,E,99,nearest_neighbor,2.2361,1.0,0.7124,7.2242,5.7496,1.2565,3.0608,,8,3,True,-1.347291,False,False
5,E,99,cheapest_insertion,2.2361,1.0,0.7124,7.2844,5.7496,1.2669,3.0608,,9,3,True,-0.970457,False,False
5,E,99,batch_reoptimize,2.2361,1.0,0.7124,7.2844,5.7496,1.2669,3.0608,,9,3,True,-0.970457,False,False
5,E,123,nearest_neighbor,2.2361,1.0,0.7124,6.5551,6.1072,1.0733,2.9295,,13,4,True,-1.793389,False,False
5,E,123,cheapest_insertion,2.2361,1.0,0.7124,6.5551,6.1072,1.0733,2.9295,,13,4,True,-1.793389,False,False
5,E,123,batch_reoptimize,2.2361,1.0,0.7124,6.5551,6.1072,1.0733,2.9295,,13,4,True,-1.793389,False,False
5,E,256,nearest_neighbor,2.2361,1.0,0.7124,6.5402,5.1672,1.2657,2.1502,,7,3,True,-0.896824,False,False
5,E,256,cheapest_insertion,2.2361,1.0,0.7124,6.2382,5.1672,1.2073,2.1502,,8,3,True,-0.694627,False,False
5,E,256,batch_reoptimize,2.2361,1.0,0.7124,6.2382,5.1672,1.2073,2.1502,,8,3,True,-0.694627,False,False
7,A,7,nearest_neighbor,2.6458,inf,0.0,9.6444,8.2041,1.1756,3.3917,1.2491,127,7,False,0.436249,True,False
7,A,7,cheapest_insertion,2.6458,inf,0.0,8.2041,8.2041,1.0,3.3917,1.2491,127,7,True,-0.79834,True,False
7,A,7,batch_reoptimize,2.6458,inf,0.0,8.2041,8.2041,1.0,3.3917,1.2491,127,7,True,-0.79834,True,False
7,A,42,nearest_neighbor,2.6458,inf,0.0,8.4905,8.2919,1.024,3.7104,1.1279,127,7,True,-0.431089,True,False
7,A,42,cheapest_insertion,2.6458,inf,0.0,8.3689,8.2919,1.0093,3.7104,1.1279,127,7,True,-0.491905,True,False
7,A,42,batch_reoptimize,2.6458,inf,0.0,8.2919,8.2919,1.0,3.7104,1.1279,127,7,True,-0.530417,True,False
7,A,99,nearest_neighbor,2.6458,inf,0.0,8.6444,7.838,1.1029,3.8005,1.2023,127,7,True,-0.115895,True,False
7,A,99,cheapest_insertion,2.6458,inf,0.0,7.9459,7.838,1.0138,3.8005,1.2023,127,7,True,-0.697942,True,False
7,A,99,batch_reoptimize,2.6458,inf,0.0,7.838,7.838,1.0,3.8005,1.2023,127,7,True,-0.787885,True,False
7,A,123,nearest_neighbor,2.6458,inf,0.0,7.8694,7.8694,1.0,3.5295,1.2448,127,7,True,-0.578062,True,False
7,A,123,cheapest_insertion,2.6458,inf,0.0,8.0599,7.8694,1.0242,3.5295,1.2448,127,7,True,-0.415041,True,False
7,A,123,batch_reoptimize,2.6458,inf,0.0,7.8694,7.8694,1.0,3.5295,1.2448,127,7,True,-0.578062,True,False
7,A,256,nearest_neighbor,2.6458,inf,0.0,7.7247,6.5444,1.1804,3.2983,1.1715,127,7,False,0.311385,True,True
7,A,256,cheapest_insertion,2.6458,inf,0.0,6.5444,6.5444,1.0,3.2983,1.1715,127,7,True,-0.561069,True,False
7,A,256,batch_reoptimize,2.6458,inf,0.0,6.5444,6.5444,1.0,3.2983,1.1715,127,7,True,-0.561069,True,False
7,B_heavy,7,nearest_neighbor,2.6458,4.0,0.1781,8.5497,8.2041,1.0421,3.3917,1.3683,65,7,True,-1.338,True,False
7,B_heavy,7,cheapest_insertion,2.6458,4.0,0.1781,9.2814,8.2041,1.1313,3.3917,1.3683,65,7,True,-0.972146,True,False
7,B_heavy,7,batch_reoptimize,2.6458,4.0,0.1781,8.5497,8.2041,1.0421,3.3917,1.3683,65,7,True,-1.338,True,False
7,B_heavy,42,nearest_neighbor,2.6458,4.0,0.1781,9.4339,8.2919,1.1377,3.7104,1.6363,65,7,True,-1.167446,True,False
7,B_heavy,42,cheapest_insertion,2.6458,4.0,0.1781,9.3166,8.2919,1.1236,3.7104,1.6363,65,7,True,-1.167446,True,False
7,B_heavy,42,batch_reoptimize,2.6458,4.0,0.1781,9.3166,8.2919,1.1236,3.7104,1.6363,65,7,True,-1.167446,True,False
7,B_heavy,99,nearest_neighbor,2.6458,4.0,0.1781,9.9986,7.838,1.2757,3.8005,1.5255,65,7,True,-0.97917,True,False
7,B_heavy,99,cheapest_insertion,2.6458,4.0,0.1781,9.0444,7.838,1.1539,3.8005,1.5255,65,7,True,-1.456267,True,False
7,B_heavy,99,batch_reoptimize,2.6458,4.0,0.1781,8.8941,7.838,1.1347,3.8005,1.5255,65,7,True,-1.531458,True,False
7,B_heavy,123,nearest_neighbor,2.6458,4.0,0.1781,9.4027,7.8694,1.1948,3.5295,1.4597,65,7,True,-1.042214,True,False
7,B_heavy,123,cheapest_insertion,2.6458,4.0,0.1781,8.442,7.8694,1.0728,3.5295,1.4597,65,7,True,-1.522554,True,False
7,B_heavy,123,batch_reoptimize,2.6458,4.0,0.1781,8.442,7.8694,1.0728,3.5295,1.4597,65,7,True,-1.522554,True,False
7,B_heavy,256,nearest_neighbor,2.6458,4.0,0.1781,9.3998,6.5444,1.4363,3.2983,1.4511,65,7,True,-0.04827,True,False
7,B_heavy,256,cheapest_insertion,2.6458,4.0,0.1781,7.3601,6.5444,1.1246,3.2983,1.4511,65,7,True,-1.068131,True,False
7,B_heavy,256,batch_reoptimize,2.6458,4.0,0.1781,7.3601,6.5444,1.1246,3.2983,1.4511,65,7,True,-1.068131,True,False
7,B_medium,7,nearest_neighbor,2.6458,2.0,0.3562,8.5497,8.2041,1.0421,3.3917,,49,6,True,-1.57332,False,False
7,B_medium,7,cheapest_insertion,2.6458,2.0,0.3562,9.2814,8.2041,1.1313,3.3917,,49,6,True,-1.329418,False,False
7,B_medium,7,batch_reoptimize,2.6458,2.0,0.3562,8.5497,8.2041,1.0421,3.3917,,49,6,True,-1.57332,False,False
7,B_medium,42,nearest_neighbor,2.6458,2.0,0.3562,9.4339,8.2919,1.1377,3.7104,1.6363,65,7,True,-1.167446,True,False
7,B_medium,42,cheapest_insertion,2.6458,2.0,0.3562,9.3166,8.2919,1.1236,3.7104,1.6363,65,7,True,-1.167446,True,False
7,B_medium,42,batch_reoptimize,2.6458,2.0,0.3562,9.3166,8.2919,1.1236,3.7104,1.6363,65,7,True,-1.167446,True,False
7,B_medium,99,nearest_neighbor,2.6458,2.0,0.3562,9.9986,7.838,1.2757,3.8005,1.5255,65,7,True,-0.97917,True,False
7,B_medium,99,cheapest_insertion,2.6458,2.0,0.3562,9.0444,7.838,1.1539,3.8005,1.5255,65,7,True,-1.456267,True,False
7,B_medium,99,batch_reoptimize,2.6458,2.0,0.3562,8.8941,7.838,1.1347,3.8005,1.5255,65,7,True,-1.531458,True,False
7,B_medium,123,nearest_neighbor,2.6458,2.0,0.3562,9.4027,7.8694,1.1948,3.5295,,49,6,True,-1.336855,False,False
7,B_medium,123,cheapest_insertion,2.6458,2.0,0.3562,8.442,7.8694,1.0728,3.5295,,49,6,True,-1.657082,False,False
7,B_medium,123,batch_reoptimize,2.6458,2.0,0.3562,8.442,7.8694,1.0728,3.5295,,49,6,True,-1.657082,False,False
7,B_medium,256,nearest_neighbor,2.6458,2.0,0.3562,9.3998,6.5444,1.4363,3.2983,,33,5,True,-0.80051,False,False
7,B_medium,256,cheapest_insertion,2.6458,2.0,0.3562,7.3601,6.5444,1.1246,3.2983,,33,5,True,-1.164171,False,False
7,B_medium,256,batch_reoptimize,2.6458,2.0,0.3562,7.3601,6.5444,1.1246,3.2983,,33,5,True,-1.164171,False,False
7,B_light,7,nearest_neighbor,2.6458,0.5,1.4248,12.0857,8.2041,1.4731,3.3917,,8,2,True,-2.045724,False,False
7,B_light,7,cheapest_insertion,2.6458,0.5,1.4248,12.0857,8.2041,1.4731,3.3917,,8,2,True,-2.045724,False,False
7,B_light,7,batch_reoptimize,2.6458,0.5,1.4248,12.0857,8.2041,1.4731,3.3917,,8,2,True,-2.045724,False,False
7,B_light,42,nearest_neighbor,2.6458,0.5,1.4248,14.8282,8.2919,1.7883,3.7104,,11,3,True,-1.167446,False,False
7,B_light,42,cheapest_insertion,2.6458,0.5,1.4248,14.7603,8.2919,1.7801,3.7104,,11,3,True,-1.167446,False,False
7,B_light,42,batch_reoptimize,2.6458,0.5,1.4248,14.7603,8.2919,1.7801,3.7104,,11,3,True,-1.167446,False,False
7,B_light,99,nearest_neighbor,2.6458,0.5,1.4248,13.5715,7.838,1.7315,3.8005,,9,3,True,-1.594136,False,False
7,B_light,99,cheapest_insertion,2.6458,0.5,1.4248,13.5715,7.838,1.7315,3.8005,,9,3,True,-1.594136,False,False
7,B_light,99,batch_reoptimize,2.6458,0.5,1.4248,13.5715,7.838,1.7315,3.8005,,9,3,True,-1.594136,False,False
7,B_light,123,nearest_neighbor,2.6458,0.5,1.4248,11.5087,7.8694,1.4625,3.5295,,8,2,True,-2.323689,False,False
7,B_light,123,cheapest_insertion,2.6458,0.5,1.4248,11.5087,7.8694,1.4625,3.5295,,8,2,True,-2.323689,False,False
7,B_light,123,batch_reoptimize,2.6458,0.5,1.4248,11.5087,7.8694,1.4625,3.5295,,8,2,True,-2.323689,False,False
7,B_light,256,nearest_neighbor,2.6458,0.5,1.4248,11.3671,6.5444,1.7369,3.2983,,8,2,True,-1.164171,False,False
7,B_light,256,cheapest_insertion,2.6458,0.5,1.4248,11.3671,6.5444,1.7369,3.2983,,8,2,True,-1.164171,False,False
7,B_light,256,batch_reoptimize,2.6458,0.5,1.4248,11.3671,6.5444,1.7369,3.2983,,8,2,True,-1.164171,False,False
7,C,7,nearest_neighbor,2.6458,2.0,0.3562,10.0363,8.2041,1.2233,3.3917,1.619,65,7,True,-1.622946,True,False
7,C,7,cheapest_insertion,2.6458,2.0,0.3562,9.181,8.2041,1.1191,3.3917,1.619,65,7,True,-1.991663,True,False
7,C,7,batch_reoptimize,2.6458,2.0,0.3562,9.181,8.2041,1.1191,3.3917,1.619,65,7,True,-1.991663,True,False
7,C,42,nearest_neighbor,2.6458,2.0,0.3562,8.5067,8.2919,1.0259,3.7104,1.5753,65,7,True,-1.167446,True,False
7,C,42,cheapest_insertion,2.6458,2.0,0.3562,8.5067,8.2919,1.0259,3.7104,1.5753,65,7,True,-1.167446,True,False
7,C,42,batch_reoptimize,2.6458,2.0,0.3562,8.5067,8.2919,1.0259,3.7104,1.5753,65,7,True,-1.167446,True,False
7,C,99,nearest_neighbor,2.6458,2.0,0.3562,8.6858,7.838,1.1082,3.8005,1.2023,65,7,True,-0.368835,True,False
7,C,99,cheapest_insertion,2.6458,2.0,0.3562,7.8795,7.838,1.0053,3.8005,1.2023,65,7,True,-0.772029,True,False
7,C,99,batch_reoptimize,2.6458,2.0,0.3562,7.8795,7.838,1.0053,3.8005,1.2023,65,7,True,-0.772029,True,False
7,C,123,nearest_neighbor,2.6458,2.0,0.3562,7.903,7.8694,1.0043,3.5295,1.2448,65,7,True,-0.94627,True,False
7,C,123,cheapest_insertion,2.6458,2.0,0.3562,8.0935,7.8694,1.0285,3.5295,1.2448,65,7,True,-0.85099,True,False
7,C,123,batch_reoptimize,2.6458,2.0,0.3562,7.903,7.8694,1.0043,3.5295,1.2448,65,7,True,-0.94627,True,False
7,C,256,nearest_neighbor,2.6458,2.0,0.3562,8.6742,6.5444,1.3254,3.2983,1.6186,65,7,True,-0.959388,True,False
7,C,256,cheapest_insertion,2.6458,2.0,0.3562,8.7108,6.5444,1.331,3.2983,1.6186,65,7,True,-0.941097,True,False
7,C,256,batch_reoptimize,2.6458,2.0,0.3562,8.3758,6.5444,1.2798,3.2983,1.6186,65,7,True,-1.108628,True,False
7,D,7,nearest_neighbor,2.6458,1.0,0.7124,9.9313,8.2041,1.2105,3.3917,,22,5,True,-1.725211,False,False
7,D,7,cheapest_insertion,2.6458,1.0,0.7124,9.9313,8.2041,1.2105,3.3917,,22,5,True,-1.725211,False,False
7,D,7,batch_reoptimize,2.6458,1.0,0.7124,9.9313,8.2041,1.2105,3.3917,,22,5,True,-1.725211,False,False
7,D,42,nearest_neighbor,2.6458,1.0,0.7124,9.8154,8.2919,1.1837,3.7104,,25,5,True,-1.167446,False,False
7,D,42,cheapest_insertion,2.6458,1.0,0.7124,9.9489,8.2919,1.1998,3.7104,,25,5,True,-1.167446,False,False
7,D,42,batch_reoptimize,2.6458,1.0,0.7124,9.9489,8.2919,1.1998,3.7104,,25,5,True,-1.167446,False,False
7,D,99,nearest_neighbor,2.6458,1.0,0.7124,10.1838,7.838,1.2993,3.8005,,25,5,True,-1.594136,False,False
7,D,99,cheapest_insertion,2.6458,1.0,0.7124,8.6444,7.838,1.1029,3.8005,,25,5,True,-1.594136,False,False
7,D,99,batch_reoptimize,2.6458,1.0,0.7124,8.6444,7.838,1.1029,3.8005,,25,5,True,-1.594136,False,False
7,D,123,nearest_neighbor,2.6458,1.0,0.7124,10.1327,7.8694,1.2876,3.5295,,14,4,True,-2.101272,False,False
7,D,123,cheapest_insertion,2.6458,1.0,0.7124,8.9836,7.8694,1.1416,3.5295,,14,4,True,-2.331078,False,False
7,D,123,batch_reoptimize,2.6458,1.0,0.7124,8.9836,7.8694,1.1416,3.5295,,14,4,True,-2.331078,False,False
7,D,256,nearest_neighbor,2.6458,1.0,0.7124,9.7367,6.5444,1.4878,3.2983,,11,3,True,-1.164171,False,False
7,D,256,cheapest_insertion,2.6458,1.0,0.7124,9.7367,6.5444,1.4878,3.2983,,11,3,True,-1.164171,False,False
7,D,256,batch_reoptimize,2.6458,1.0,0.7124,9.7367,6.5444,1.4878,3.2983,,11,3,True,-1.164171,False,False
7,E,7,nearest_neighbor,2.6458,1.0,0.7124,10.0661,8.2041,1.227,3.3917,,37,6,True,-2.045724,False,False
7,E,7,cheapest_insertion,2.6458,1.0,0.7124,9.2108,8.2041,1.1227,3.3917,,37,6,True,-2.045724,False,False
7,E,7,batch_reoptimize,2.6458,1.0,0.7124,9.2108,8.2041,1.1227,3.3917,,37,6,True,-2.045724,False,False
7,E,42,nearest_neighbor,2.6458,1.0,0.7124,12.5564,8.2919,1.5143,3.7104,,33,5,True,-1.167446,False,False
7,E,42,cheapest_insertion,2.6458,1.0,0.7124,11.1051,8.2919,1.3393,3.7104,,33,5,True,-1.167446,False,False
7,E,42,batch_reoptimize,2.6458,1.0,0.7124,11.7655,8.2919,1.4189,3.7104,,33,5,True,-1.167446,False,False
7,E,99,nearest_neighbor,2.6458,1.0,0.7124,11.0929,7.838,1.4153,3.8005,,14,4,True,-1.594136,False,False
7,E,99,cheapest_insertion,2.6458,1.0,0.7124,11.3741,7.838,1.4512,3.8005,,17,4,True,-1.594136,False,False
7,E,99,batch_reoptimize,2.6458,1.0,0.7124,11.2738,7.838,1.4384,3.8005,,17,4,True,-1.594136,False,False
7,E,123,nearest_neighbor,2.6458,1.0,0.7124,9.7446,7.8694,1.2383,3.5295,,41,6,True,-1.860328,False,False
7,E,123,cheapest_insertion,2.6458,1.0,0.7124,9.5418,7.8694,1.2125,3.5295,,41,6,True,-1.927952,False,False
7,E,123,batch_reoptimize,2.6458,1.0,0.7124,9.5772,7.8694,1.217,3.5295,,49,6,True,-2.028332,False,False
7,E,256,nearest_neighbor,2.6458,1.0,0.7124,9.2266,6.5444,1.4099,3.2983,,13,4,True,-1.164171,False,False
7,E,256,cheapest_insertion,2.6458,1.0,0.7124,9.2266,6.5444,1.4099,3.2983,,13,4,True,-1.164171,False,False
7,E,256,batch_reoptimize,2.6458,1.0,0.7124,9.2266,6.5444,1.4099,3.2983,,13,4,True,-1.164171,False,False
10,A,7,nearest_neighbor,3.1623,inf,0.0,11.0955,11.0955,1.0,4.3573,1.2202,1023,10,True,-0.821078,True,False
10,A,7,cheapest_insertion,3.1623,inf,0.0,11.0955,11.0955,1.0,4.3573,1.2202,1023,10,True,-0.821078,True,False
10,A,7,batch_reoptimize,3.1623,inf,0.0,11.0955,11.0955,1.0,4.3573,1.2202,1023,10,True,-0.821078,True,False
10,A,42,nearest_neighbor,3.1623,inf,0.0,12.6247,10.5393,1.1979,4.3207,1.1324,1023,10,False,1.099281,True,True
10,A,42,cheapest_insertion,3.1623,inf,0.0,10.5393,10.5393,1.0,4.3207,1.1324,1023,10,True,-0.541576,True,False
10,A,42,batch_reoptimize,3.1623,inf,0.0,10.5393,10.5393,1.0,4.3207,1.1324,1023,10,True,-0.541576,True,False
10,A,99,nearest_neighbor,3.1623,inf,0.0,13.6935,11.6993,1.1705,4.6296,1.162,1023,10,False,1.085547,True,True
10,A,99,cheapest_insertion,3.1623,inf,0.0,12.9315,11.6993,1.1053,4.6296,1.162,1023,10,False,0.399778,True,False
10,A,99,batch_reoptimize,3.1623,inf,0.0,11.6993,11.6993,1.0,4.6296,1.162,1023,10,True,-0.709266,True,False
10,A,123,nearest_neighbor,3.1623,inf,0.0,10.4763,9.9499,1.0529,4.5082,1.1496,1023,10,False,0.034738,True,False
10,A,123,cheapest_insertion,3.1623,inf,0.0,10.0339,9.9499,1.0084,4.5082,1.1496,1023,10,True,-0.35779,True,False
10,A,123,batch_reoptimize,3.1623,inf,0.0,9.9499,9.9499,1.0,4.5082,1.1496,1023,10,True,-0.431259,True,False
10,A,256,nearest_neighbor,3.1623,inf,0.0,12.0813,9.7078,1.2445,4.0803,1.1382,1023,10,False,1.695781,True,True
10,A,256,cheapest_insertion,3.1623,inf,0.0,9.7078,9.7078,1.0,4.0803,1.1382,1023,10,True,-0.413977,True,False
10,A,256,batch_reoptimize,3.1623,inf,0.0,9.7078,9.7078,1.0,4.0803,1.1382,1023,10,True,-0.413977,True,False
10,B_heavy,7,nearest_neighbor,3.1623,4.0,0.1781,12.8217,11.0955,1.1556,4.3573,1.396,513,10,True,-1.333907,True,False
10,B_heavy,7,cheapest_insertion,3.1623,4.0,0.1781,13.9745,11.0955,1.2595,4.3573,1.396,513,10,True,-0.757478,True,False
10,B_heavy,7,batch_reoptimize,3.1623,4.0,0.1781,12.5162,11.0955,1.128,4.3573,1.396,513,10,True,-1.486622,True,False
10,B_heavy,42,nearest_neighbor,3.1623,4.0,0.1781,14.9925,10.5393,1.4225,4.3207,1.5983,513,10,True,-0.926274,True,False
10,B_heavy,42,cheapest_insertion,3.1623,4.0,0.1781,12.3873,10.5393,1.1753,4.3207,1.5983,513,10,True,-1.395365,True,False
10,B_heavy,42,batch_reoptimize,3.1623,4.0,0.1781,11.906,10.5393,1.1297,4.3207,1.5983,513,10,True,-1.395365,True,False
10,B_heavy,99,nearest_neighbor,3.1623,4.0,0.1781,16.3419,11.6993,1.3968,4.6296,1.4208,513,10,True,-0.140258,True,False
10,B_heavy,99,cheapest_insertion,3.1623,4.0,0.1781,13.8597,11.6993,1.1847,4.6296,1.4208,513,10,True,-1.381351,True,False
10,B_heavy,99,batch_reoptimize,3.1623,4.0,0.1781,13.0119,11.6993,1.1122,4.6296,1.4208,513,10,True,-1.805259,True,False
10,B_heavy,123,nearest_neighbor,3.1623,4.0,0.1781,11.9288,9.9499,1.1989,4.5082,1.4314,513,10,True,-1.156963,True,False
10,B_heavy,123,cheapest_insertion,3.1623,4.0,0.1781,10.8721,9.9499,1.0927,4.5082,1.4314,513,10,True,-1.601082,True,False
10,B_heavy,123,batch_reoptimize,3.1623,4.0,0.1781,10.8118,9.9499,1.0866,4.5082,1.4314,513,10,True,-1.601082,True,False
10,B_heavy,256,nearest_neighbor,3.1623,4.0,0.1781,10.9322,9.7078,1.1261,4.0803,1.3369,513,10,True,-1.02303,True,False
10,B_heavy,256,cheapest_insertion,3.1623,4.0,0.1781,11.2675,9.7078,1.1607,4.0803,1.3369,513,10,True,-0.855393,True,False
10,B_heavy,256,batch_reoptimize,3.1623,4.0,0.1781,10.425,9.7078,1.0739,4.0803,1.3369,513,10,True,-1.276661,True,False
10,B_medium,7,nearest_neighbor,3.1623,2.0,0.3562,12.8004,11.0955,1.1537,4.3573,,289,9,True,-2.071946,False,False
10,B_medium,7,cheapest_insertion,3.1623,2.0,0.3562,15.1258,11.0955,1.3632,4.3573,,289,9,True,-1.793811,False,False
10,B_medium,7,batch_reoptimize,3.1623,2.0,0.3562,12.6731,11.0955,1.1422,4.3573,,289,9,True,-2.114404,False,False
10,B_medium,42,nearest_neighbor,3.1623,2.0,0.3562,14.9925,10.5393,1.4225,4.3207,1.5983,513,10,True,-0.926274,True,False
10,B_medium,42,cheapest_insertion,3.1623,2.0,0.3562,12.3873,10.5393,1.1753,4.3207,1.5983,513,10,True,-1.395365,True,False
10,B_medium,42,batch_reoptimize,3.1623,2.0,0.3562,11.906,10.5393,1.1297,4.3207,1.5983,513,10,True,-1.395365,True,False
10,B_medium,99,nearest_neighbor,3.1623,2.0,0.3562,16.3419,11.6993,1.3968,4.6296,,257,8,True,-1.905357,False,False
10,B_medium,99,cheapest_insertion,3.1623,2.0,0.3562,13.3697,11.6993,1.1428,4.6296,,321,9,True,-1.905357,False,False
10,B_medium,99,batch_reoptimize,3.1623,2.0,0.3562,13.0119,11.6993,1.1122,4.6296,,321,9,True,-1.905357,False,False
10,B_medium,123,nearest_neighbor,3.1623,2.0,0.3562,14.1602,9.9499,1.4231,4.5082,,193,8,True,-1.435045,False,False
10,B_medium,123,cheapest_insertion,3.1623,2.0,0.3562,10.8721,9.9499,1.0927,4.5082,,193,8,True,-1.601082,False,False
10,B_medium,123,batch_reoptimize,3.1623,2.0,0.3562,10.8118,9.9499,1.0866,4.5082,,193,8,True,-1.601082,False,False
10,B_medium,256,nearest_neighbor,3.1623,2.0,0.3562,13.1808,9.7078,1.3578,4.0803,,161,8,True,-0.864954,False,False
10,B_medium,256,cheapest_insertion,3.1623,2.0,0.3562,11.2675,9.7078,1.1607,4.0803,,209,8,True,-1.39145,False,False
10,B_medium,256,batch_reoptimize,3.1623,2.0,0.3562,10.8468,9.7078,1.1173,4.0803,,161,8,True,-1.39145,False,False
10,B_light,7,nearest_neighbor,3.1623,0.5,1.4248,21.3589,11.0955,1.925,4.3573,,18,4,True,-2.435971,False,False
10,B_light,7,cheapest_insertion,3.1623,0.5,1.4248,19.9194,11.0955,1.7953,4.3573,,20,4,True,-2.445107,False,False
10,B_light,7,batch_reoptimize,3.1623,0.5,1.4248,19.9194,11.0955,1.7953,4.3573,,20,4,True,-2.445107,False,False
10,B_light,42,nearest_neighbor,3.1623,0.5,1.4248,20.4836,10.5393,1.9435,4.3207,,25,4,True,-1.395365,False,False
10,B_light,42,cheapest_insertion,3.1623,0.5,1.4248,18.5206,10.5393,1.7573,4.3207,,31,5,True,-1.395365,False,False
10,B_light,42,batch_reoptimize,3.1623,0.5,1.4248,18.5206,10.5393,1.7573,4.3207,,31,5,True,-1.395365,False,False
10,B_light,99,nearest_neighbor,3.1623,0.5,1.4248,19.7364,11.6993,1.687,4.6296,,17,3,True,-1.905357,False,False
10,B_light,99,cheapest_insertion,3.1623,0.5,1.4248,20.9843,11.6993,1.7936,4.6296,,21,4,True,-1.905357,False,False
10,B_light,99,batch_reoptimize,3.1623,0.5,1.4248,20.9843,11.6993,1.7936,4.6296,,21,4,True,-1.905357,False,False
10,B_light,123,nearest_neighbor,3.1623,0.5,1.4248,17.9314,9.9499,1.8022,4.5082,,13,3,True,-1.601082,False,False
10,B_light,123,cheapest_insertion,3.1623,0.5,1.4248,17.2902,9.9499,1.7377,4.5082,,14,3,True,-1.601082,False,False
10,B_light,123,batch_reoptimize,3.1623,0.5,1.4248,17.2902,9.9499,1.7377,4.5082,,14,3,True,-1.601082,False,False
10,B_light,256,nearest_neighbor,3.1623,0.5,1.4248,16.2006,9.7078,1.6688,4.0803,,11,2,True,-1.39145,False,False
10,B_light,256,cheapest_insertion,3.1623,0.5,1.4248,16.2006,9.7078,1.6688,4.0803,,11,2,True,-1.39145,False,False
10,B_light,256,batch_reoptimize,3.1623,0.5,1.4248,16.2006,9.7078,1.6688,4.0803,,11,2,True,-1.39145,False,False
10,C,7,nearest_neighbor,3.1623,2.0,0.3562,11.0962,11.0955,1.0001,4.3573,1.2202,513,10,True,-1.221173,True,False
10,C,7,cheapest_insertion,3.1623,2.0,0.3562,11.0962,11.0955,1.0001,4.3573,1.2202,513,10,True,-1.221173,True,False
10,C,7,batch_reoptimize,3.1623,2.0,0.3562,11.0962,11.0955,1.0001,4.3573,1.2202,513,10,True,-1.221173,True,False
10,C,42,nearest_neighbor,3.1623,2.0,0.3562,13.2068,10.5393,1.2531,4.3207,1.3162,513,10,True,-0.332454,True,False
10,C,42,cheapest_insertion,3.1623,2.0,0.3562,10.5555,10.5393,1.0015,4.3207,1.3162,513,10,True,-1.395365,True,False
10,C,42,batch_reoptimize,3.1623,2.0,0.3562,10.5555,10.5393,1.0015,4.3207,1.3162,513,10,True,-1.395365,True,False
10,C,99,nearest_neighbor,3.1623,2.0,0.3562,13.7349,11.6993,1.174,4.6296,1.162,513,10,False,0.070322,True,True
10,C,99,cheapest_insertion,3.1623,2.0,0.3562,11.7407,11.6993,1.0035,4.6296,1.162,513,10,True,-0.926797,True,False
10,C,99,batch_reoptimize,3.1623,2.0,0.3562,11.7407,11.6993,1.0035,4.6296,1.162,513,10,True,-0.926797,True,False
10,C,123,nearest_neighbor,3.1623,2.0,0.3562,11.2155,9.9499,1.1272,4.5082,1.2206,513,10,True,-0.464513,True,False
10,C,123,cheapest_insertion,3.1623,2.0,0.3562,10.0675,9.9499,1.0118,4.5082,1.2206,513,10,True,-1.038487,True,False
10,C,123,batch_reoptimize,3.1623,2.0,0.3562,9.9835,9.9499,1.0034,4.5082,1.2206,513,10,True,-1.080469,True,False
10,C,256,nearest_neighbor,3.1623,2.0,0.3562,13.5336,9.7078,1.3941,4.0803,1.4692,513,10,True,-0.364553,True,False
10,C,256,cheapest_insertion,3.1623,2.0,0.3562,11.4554,9.7078,1.18,4.0803,1.4692,513,10,True,-1.382853,True,False
10,C,256,batch_reoptimize,3.1623,2.0,0.3562,11.4554,9.7078,1.18,4.0803,1.4692,513,10,True,-1.382853,True,False
10,D,7,nearest_neighbor,3.1623,1.0,0.7124,14.4687,11.0955,1.304,4.3573,,73,6,True,-2.445107,False,False
10,D,7,cheapest_insertion,3.1623,1.0,0.7124,14.5894,11.0955,1.3149,4.3573,,73,6,True,-2.445107,False,False
10,D,7,batch_reoptimize,3.1623,1.0,0.7124,13.5958,11.0955,1.2253,4.3573,,97,7,True,-2.445107,False,False
10,D,42,nearest_neighbor,3.1623,1.0,0.7124,13.6321,10.5393,1.2934,4.3207,,93,7,True,-1.395365,False,False
10,D,42,cheapest_insertion,3.1623,1.0,0.7124,13.2777,10.5393,1.2598,4.3207,,93,7,True,-1.395365,False,False
10,D,42,batch_reoptimize,3.1623,1.0,0.7124,13.2777,10.5393,1.2598,4.3207,,93,7,True,-1.395365,False,False
10,D,99,nearest_neighbor,3.1623,1.0,0.7124,15.1246,11.6993,1.2928,4.6296,,97,7,True,-1.905357,False,False
10,D,99,cheapest_insertion,3.1623,1.0,0.7124,14.2151,11.6993,1.215,4.6296,,113,7,True,-1.905357,False,False
10,D,99,batch_reoptimize,3.1623,1.0,0.7124,14.2151,11.6993,1.215,4.6296,,113,7,True,-1.905357,False,False
10,D,123,nearest_neighbor,3.1623,1.0,0.7124,12.3272,9.9499,1.2389,4.5082,,28,4,True,-1.601082,False,False
10,D,123,cheapest_insertion,3.1623,1.0,0.7124,11.2879,9.9499,1.1345,4.5082,,28,4,True,-1.601082,False,False
10,D,123,batch_reoptimize,3.1623,1.0,0.7124,11.2879,9.9499,1.1345,4.5082,,28,4,True,-1.601082,False,False
10,D,256,nearest_neighbor,3.1623,1.0,0.7124,14.0487,9.7078,1.4471,4.0803,,46,6,True,-1.354206,False,False
10,D,256,cheapest_insertion,3.1623,1.0,0.7124,12.2866,9.7078,1.2656,4.0803,,54,6,True,-1.39145,False,False
10,D,256,batch_reoptimize,3.1623,1.0,0.7124,12.0566,9.7078,1.2419,4.0803,,54,6,True,-1.39145,False,False
10,E,7,nearest_neighbor,3.1623,1.0,0.7124,16.2665,11.0955,1.466,4.3573,,138,8,True,-2.445107,False,False
10,E,7,cheapest_insertion,3.1623,1.0,0.7124,14.7944,11.0955,1.3334,4.3573,,138,8,True,-2.445107,False,False
10,E,7,batch_reoptimize,3.1623,1.0,0.7124,14.7944,11.0955,1.3334,4.3573,,138,8,True,-2.445107,False,False
10,E,42,nearest_neighbor,3.1623,1.0,0.7124,16.7926,10.5393,1.5933,4.3207,,161,8,True,-1.376338,False,False
10,E,42,cheapest_insertion,3.1623,1.0,0.7124,14.914,10.5393,1.4151,4.3207,,161,8,True,-1.395365,False,False
10,E,42,batch_reoptimize,3.1623,1.0,0.7124,14.914,10.5393,1.4151,4.3207,,161,8,True,-1.395365,False,False
10,E,99,nearest_neighbor,3.1623,1.0,0.7124,17.5576,11.6993,1.5007,4.6296,,105,7,True,-1.905357,False,False
10,E,99,cheapest_insertion,3.1623,1.0,0.7124,15.1663,11.6993,1.2963,4.6296,,121,7,True,-1.905357,False,False
10,E,99,batch_reoptimize,3.1623,1.0,0.7124,14.5319,11.6993,1.2421,4.6296,,105,7,True,-1.905357,False,False
10,E,123,nearest_neighbor,3.1623,1.0,0.7124,12.1348,9.9499,1.2196,4.5082,,177,8,True,-1.601082,False,False
10,E,123,cheapest_insertion,3.1623,1.0,0.7124,13.0489,9.9499,1.3115,4.5082,,193,8,True,-1.601082,False,False
10,E,123,batch_reoptimize,3.1623,1.0,0.7124,13.0489,9.9499,1.3115,4.5082,,193,8,True,-1.601082,False,False
10,E,256,nearest_neighbor,3.1623,1.0,0.7124,11.9136,9.7078,1.2272,4.0803,,29,4,True,-1.39145,False,False
10,E,256,cheapest_insertion,3.1623,1.0,0.7124,11.4206,9.7078,1.1764,4.0803,,35,5,True,-1.39145,False,False
10,E,256,batch_reoptimize,3.1623,1.0,0.7124,11.4206,9.7078,1.1764,4.0803,,35,5,True,-1.39145,False,False
12,A,7,nearest_neighbor,3.4641,inf,0.0,12.8168,12.8168,1.0,5.0613,1.2088,4095,12,True,-0.715727,True,False
12,A,7,cheapest_insertion,3.4641,inf,0.0,13.48,12.8168,1.0517,5.0613,1.2088,4095,12,True,-0.112883,True,False
12,A,7,batch_reoptimize,3.4641,inf,0.0,12.8168,12.8168,1.0,5.0613,1.2088,4095,12,True,-0.715727,True,False
12,A,42,nearest_neighbor,3.4641,inf,0.0,12.3748,11.8015,1.0486,4.8704,1.1295,4095,12,True,-0.204666,True,False
12,A,42,cheapest_insertion,3.4641,inf,0.0,12.1087,11.8015,1.026,4.8704,1.1295,4095,12,True,-0.390775,True,False
12,A,42,batch_reoptimize,3.4641,inf,0.0,11.8015,11.8015,1.0,4.8704,1.1295,4095,12,True,-0.595589,True,False
12,A,99,nearest_neighbor,3.4641,inf,0.0,17.0519,13.3839,1.2741,5.189,1.1551,4095,12,False,2.673911,True,True
12,A,99,cheapest_insertion,3.4641,inf,0.0,14.7395,13.3839,1.1013,5.189,1.1551,4095,12,False,0.59274,True,False
12,A,99,batch_reoptimize,3.4641,inf,0.0,13.3839,13.3839,1.0,5.189,1.1551,4095,12,True,-0.627349,True,False
12,A,123,nearest_neighbor,3.4641,inf,0.0,12.3043,11.5477,1.0655,5.4599,1.1412,4095,12,False,0.235464,True,False
12,A,123,cheapest_insertion,3.4641,inf,0.0,11.6674,11.5477,1.0104,5.4599,1.1412,4095,12,True,-0.344694,True,False
12,A,123,batch_reoptimize,3.4641,inf,0.0,11.5477,11.5477,1.0,5.4599,1.1412,4095,12,True,-0.452443,True,False
12,A,256,nearest_neighbor,3.4641,inf,0.0,16.3616,12.3423,1.3257,4.6965,1.119,4095,12,False,3.207179,True,True
12,A,256,cheapest_insertion,3.4641,inf,0.0,12.3423,12.3423,1.0,4.6965,1.119,4095,12,True,-0.446763,True,False
12,A,256,batch_reoptimize,3.4641,inf,0.0,12.3423,12.3423,1.0,4.6965,1.119,4095,12,True,-0.446763,True,False
12,B_heavy,7,nearest_neighbor,3.4641,4.0,0.1781,17.2454,12.8168,1.3455,5.0613,1.3646,2049,12,True,-0.122513,True,False
12,B_heavy,7,cheapest_insertion,3.4641,4.0,0.1781,15.8666,12.8168,1.2379,5.0613,1.3646,2049,12,True,-0.811922,True,False
12,B_heavy,7,batch_reoptimize,3.4641,4.0,0.1781,14.1629,12.8168,1.105,5.0613,1.3646,2049,12,True,-1.663791,True,False
12,B_heavy,42,nearest_neighbor,3.4641,4.0,0.1781,14.8001,11.8015,1.2541,4.8704,1.5853,2049,12,True,-1.528546,True,False
12,B_heavy,42,cheapest_insertion,3.4641,4.0,0.1781,14.4368,11.8015,1.2233,4.8704,1.5853,2049,12,True,-1.528546,True,False
12,B_heavy,42,batch_reoptimize,3.4641,4.0,0.1781,13.5947,11.8015,1.1519,4.8704,1.5853,2049,12,True,-1.528546,True,False
12,B_heavy,99,nearest_neighbor,3.4641,4.0,0.1781,18.6701,13.3839,1.395,5.189,1.3739,2049,12,False,0.141305,True,True
12,B_heavy,99,cheapest_insertion,3.4641,4.0,0.1781,15.3059,13.3839,1.1436,5.189,1.3739,2049,12,True,-1.540781,True,False
12,B_heavy,99,batch_reoptimize,3.4641,4.0,0.1781,14.3772,13.3839,1.0742,5.189,1.3739,2049,12,True,-2.005149,True,False
12,B_heavy,123,nearest_neighbor,3.4641,4.0,0.1781,13.8955,11.5477,1.2033,5.4599,1.3945,2049,12,True,-1.103655,True,False
12,B_heavy,123,cheapest_insertion,3.4641,4.0,0.1781,12.4105,11.5477,1.0747,5.4599,1.3945,2049,12,True,-1.753897,True,False
12,B_heavy,123,batch_reoptimize,3.4641,4.0,0.1781,12.4105,11.5477,1.0747,5.4599,1.3945,2049,12,True,-1.753897,True,False
12,B_heavy,256,nearest_neighbor,3.4641,4.0,0.1781,13.9096,12.3423,1.127,4.6965,1.2903,2049,12,True,-1.007656,True,False
12,B_heavy,256,cheapest_insertion,3.4641,4.0,0.1781,14.1375,12.3423,1.1455,4.6965,1.2903,2049,12,True,-0.893686,True,False
12,B_heavy,256,batch_reoptimize,3.4641,4.0,0.1781,13.1279,12.3423,1.0636,4.6965,1.2903,2049,12,True,-1.398512,True,False
12,B_medium,7,nearest_neighbor,3.4641,2.0,0.3562,17.2454,12.8168,1.3455,5.0613,,833,10,True,-2.073436,False,False
12,B_medium,7,cheapest_insertion,3.4641,2.0,0.3562,15.8666,12.8168,1.2379,5.0613,,833,10,True,-2.678481,False,False
12,B_medium,7,batch_reoptimize,3.4641,2.0,0.3562,14.5556,12.8168,1.1357,5.0613,,833,10,True,-2.678481,False,False
12,B_medium,42,nearest_neighbor,3.4641,2.0,0.3562,14.8001,11.8015,1.2541,4.8704,,1281,11,True,-1.528546,False,False
12,B_medium,42,cheapest_insertion,3.4641,2.0,0.3562,14.4368,11.8015,1.2233,4.8704,,1281,11,True,-1.528546,False,False
12,B_medium,42,batch_reoptimize,3.4641,2.0,0.3562,13.5947,11.8015,1.1519,4.8704,,1281,11,True,-1.528546,False,False
12,B_medium,99,nearest_neighbor,3.4641,2.0,0.3562,18.6701,13.3839,1.395,5.189,,769,10,True,-1.30199,False,False
12,B_medium,99,cheapest_insertion,3.4641,2.0,0.3562,15.3059,13.3839,1.1436,5.189,,769,10,True,-2.087214,False,False
12,B_medium,99,batch_reoptimize,3.4641,2.0,0.3562,14.3772,13.3839,1.0742,5.189,,897,10,True,-2.087214,False,False
12,B_medium,123,nearest_neighbor,3.4641,2.0,0.3562,17.1712,11.5477,1.487,5.4599,,641,10,True,-1.210404,False,False
12,B_medium,123,cheapest_insertion,3.4641,2.0,0.3562,13.4584,11.5477,1.1655,5.4599,,641,10,True,-1.753897,False,False
12,B_medium,123,batch_reoptimize,3.4641,2.0,0.3562,12.5948,11.5477,1.0907,5.4599,,641,10,True,-1.753897,False,False
12,B_medium,256,nearest_neighbor,3.4641,2.0,0.3562,17.5661,12.3423,1.4232,4.6965,,561,10,True,-0.495486,False,False
12,B_medium,256,cheapest_insertion,3.4641,2.0,0.3562,15.1797,12.3423,1.2299,4.6965,,657,10,True,-1.524257,False,False
12,B_medium,256,batch_reoptimize,3.4641,2.0,0.3562,14.0113,12.3423,1.1352,4.6965,,561,10,True,-1.524257,False,False
12,B_light,7,nearest_neighbor,3.4641,0.5,1.4248,24.2884,12.8168,1.895,5.0613,,27,4,True,-2.678481,False,False
12,B_light,7,cheapest_insertion,3.4641,0.5,1.4248,25.1192,12.8168,1.9599,5.0613,,35,5,True,-2.678481,False,False
12,B_light,7,batch_reoptimize,3.4641,0.5,1.4248,25.045,12.8168,1.9541,5.0613,,35,5,True,-2.678481,False,False
12,B_light,42,nearest_neighbor,3.4641,0.5,1.4248,19.1286,11.8015,1.6209,4.8704,,39,5,True,-1.528546,False,False
12,B_light,42,cheapest_insertion,3.4641,0.5,1.4248,19.1286,11.8015,1.6209,4.8704,,39,5,True,-1.528546,False,False
12,B_light,42,batch_reoptimize,3.4641,0.5,1.4248,19.1286,11.8015,1.6209,4.8704,,39,5,True,-1.528546,False,False
12,B_light,99,nearest_neighbor,3.4641,0.5,1.4248,20.7235,13.3839,1.5484,5.189,,24,4,True,-2.087214,False,False
12,B_light,99,cheapest_insertion,3.4641,0.5,1.4248,20.7235,13.3839,1.5484,5.189,,24,4,True,-2.087214,False,False
12,B_light,99,batch_reoptimize,3.4641,0.5,1.4248,20.7235,13.3839,1.5484,5.189,,24,4,True,-2.087214,False,False
12,B_light,123,nearest_neighbor,3.4641,0.5,1.4248,21.4914,11.5477,1.8611,5.4599,,21,3,True,-1.753897,False,False
12,B_light,123,cheapest_insertion,3.4641,0.5,1.4248,20.0425,11.5477,1.7356,5.4599,,23,4,True,-1.753897,False,False
12,B_light,123,batch_reoptimize,3.4641,0.5,1.4248,20.0425,11.5477,1.7356,5.4599,,23,4,True,-1.753897,False,False
12,B_light,256,nearest_neighbor,3.4641,0.5,1.4248,22.3869,12.3423,1.8138,4.6965,,17,3,True,-1.524257,False,False
12,B_light,256,cheapest_insertion,3.4641,0.5,1.4248,21.6401,12.3423,1.7533,4.6965,,17,3,True,-1.524257,False,False
12,B_light,256,batch_reoptimize,3.4641,0.5,1.4248,21.6401,12.3423,1.7533,4.6965,,17,3,True,-1.524257,False,False
12,C,7,nearest_neighbor,3.4641,2.0,0.3562,12.8175,12.8168,1.0001,5.0613,1.2088,2049,12,True,-1.33776,True,False
12,C,7,cheapest_insertion,3.4641,2.0,0.3562,13.3525,12.8168,1.0418,5.0613,1.2088,2049,12,True,-1.07027,True,False
12,C,7,batch_reoptimize,3.4641,2.0,0.3562,12.8175,12.8168,1.0001,5.0613,1.2088,2049,12,True,-1.33776,True,False
12,C,42,nearest_neighbor,3.4641,2.0,0.3562,16.9473,11.8015,1.436,4.8704,1.545,2049,12,True,-0.643141,True,False
12,C,42,cheapest_insertion,3.4641,2.0,0.3562,14.4016,11.8015,1.2203,4.8704,1.545,2049,12,True,-1.528546,True,False
12,C,42,batch_reoptimize,3.4641,2.0,0.3562,14.1429,11.8015,1.1984,4.8704,1.545,2049,12,True,-1.528546,True,False
12,C,99,nearest_neighbor,3.4641,2.0,0.3562,17.0934,13.3839,1.2772,5.189,1.1551,2049,12,False,0.8168,True,True
12,C,99,cheapest_insertion,3.4641,2.0,0.3562,13.4253,13.3839,1.0031,5.189,1.1551,2049,12,True,-1.017233,True,False
12,C,99,batch_reoptimize,3.4641,2.0,0.3562,13.4253,13.3839,1.0031,5.189,1.1551,2049,12,True,-1.017233,True,False
12,C,123,nearest_neighbor,3.4641,2.0,0.3562,13.1108,11.5477,1.1354,5.4599,1.2162,2049,12,True,-0.466726,True,False
12,C,123,cheapest_insertion,3.4641,2.0,0.3562,11.701,11.5477,1.0133,5.4599,1.2162,2049,12,True,-1.171642,True,False
12,C,123,batch_reoptimize,3.4641,2.0,0.3562,11.5813,11.5477,1.0029,5.4599,1.2162,2049,12,True,-1.231502,True,False
12,C,256,nearest_neighbor,3.4641,2.0,0.3562,17.5595,12.3423,1.4227,4.6965,1.4023,2049,12,False,0.125989,True,True
12,C,256,cheapest_insertion,3.4641,2.0,0.3562,14.4368,12.3423,1.1697,4.6965,1.4023,2049,12,True,-1.435356,True,False
12,C,256,batch_reoptimize,3.4641,2.0,0.3562,14.2083,12.3423,1.1512,4.6965,1.4023,2049,12,True,-1.522817,True,False
12,D,7,nearest_neighbor,3.4641,1.0,0.7124,16.9766,12.8168,1.3245,5.0613,,129,7,True,-2.597112,False,False
12,D,7,cheapest_insertion,3.4641,1.0,0.7124,16.0907,12.8168,1.2554,5.0613,,233,8,True,-2.678481,False,False
12,D,7,batch_reoptimize,3.4641,1.0,0.7124,15.5557,12.8168,1.2137,5.0613,,233,8,True,-2.678481,False,False
12,D,42,nearest_neighbor,3.4641,1.0,0.7124,17.2893,11.8015,1.465,4.8704,,129,7,True,-1.528546,False,False
12,D,42,cheapest_insertion,3.4641,1.0,0.7124,14.5818,11.8015,1.2356,4.8704,,129,7,True,-1.528546,False,False
12,D,42,batch_reoptimize,3.4641,1.0,0.7124,14.5818,11.8015,1.2356,4.8704,,129,7,True,-1.528546,False,False
12,D,99,nearest_neighbor,3.4641,1.0,0.7124,18.6196,13.3839,1.3912,5.189,,241,8,True,-2.087214,False,False
12,D,99,cheapest_insertion,3.4641,1.0,0.7124,17.0308,13.3839,1.2725,5.189,,401,9,True,-2.087214,False,False
12,D,99,batch_reoptimize,3.4641,1.0,0.7124,16.8096,13.3839,1.256,5.189,,401,9,True,-2.087214,False,False
12,D,123,nearest_neighbor,3.4641,1.0,0.7124,14.6609,11.5477,1.2696,5.4599,,57,5,True,-1.753897,False,False
12,D,123,cheapest_insertion,3.4641,1.0,0.7124,14.2603,11.5477,1.2349,5.4599,,97,7,True,-1.753897,False,False
12,D,123,batch_reoptimize,3.4641,1.0,0.7124,14.2603,11.5477,1.2349,5.4599,,97,7,True,-1.753897,False,False
12,D,256,nearest_neighbor,3.4641,1.0,0.7124,17.9673,12.3423,1.4557,4.6965,,70,6,True,-1.524257,False,False
12,D,256,cheapest_insertion,3.4641,1.0,0.7124,14.7617,12.3423,1.196,4.6965,,70,6,True,-1.524257,False,False
12,D,256,batch_reoptimize,3.4641,1.0,0.7124,14.6078,12.3423,1.1836,4.6965,,70,6,True,-1.524257,False,False
12,E,7,nearest_neighbor,3.4641,1.0,0.7124,19.8,12.8168,1.5448,5.0613,,403,9,True,-2.678481,False,False
12,E,7,cheapest_insertion,3.4641,1.0,0.7124,17.6113,12.8168,1.3741,5.0613,,403,9,True,-2.678481,False,False
12,E,7,batch_reoptimize,3.4641,1.0,0.7124,17.6113,12.8168,1.3741,5.0613,,403,9,True,-2.678481,False,False
12,E,42,nearest_neighbor,3.4641,1.0,0.7124,20.2431,11.8015,1.7153,4.8704,,353,9,True,-1.324825,False,False
12,E,42,cheapest_insertion,3.4641,1.0,0.7124,17.9926,11.8015,1.5246,4.8704,,577,10,True,-1.528546,False,False
12,E,42,batch_reoptimize,3.4641,1.0,0.7124,17.9926,11.8015,1.5246,4.8704,,577,10,True,-1.528546,False,False
12,E,99,nearest_neighbor,3.4641,1.0,0.7124,20.5238,13.3839,1.5335,5.189,,161,7,True,-2.087214,False,False
12,E,99,cheapest_insertion,3.4641,1.0,0.7124,17.8903,13.3839,1.3367,5.189,,177,7,True,-2.087214,False,False
12,E,99,batch_reoptimize,3.4641,1.0,0.7124,17.7658,13.3839,1.3274,5.189,,161,7,True,-2.087214,False,False
12,E,123,nearest_neighbor,3.4641,1.0,0.7124,18.5873,11.5477,1.6096,5.4599,,385,9,True,-1.753897,False,False
12,E,123,cheapest_insertion,3.4641,1.0,0.7124,14.7506,11.5477,1.2774,5.4599,,385,9,True,-1.753897,False,False
12,E,123,batch_reoptimize,3.4641,1.0,0.7124,16.2018,11.5477,1.403,5.4599,,385,9,True,-1.753897,False,False
12,E,256,nearest_neighbor,3.4641,1.0,0.7124,15.6762,12.3423,1.2701,4.6965,,53,6,True,-1.524257,False,False
12,E,256,cheapest_insertion,3.4641,1.0,0.7124,15.591,12.3423,1.2632,4.6965,,53,6,True,-1.524257,False,False
12,E,256,batch_reoptimize,3.4641,1.0,0.7124,15.591,12.3423,1.2632,4.6965,,53,6,True,-1.524257,False,False
15,A,7,nearest_neighbor,3.873,inf,0.0,20.0235,15.43,1.2977,6.0307,1.1939,32767,15,False,3.650261,True,True
15,A,7,cheapest_insertion,3.873,inf,0.0,15.8993,15.43,1.0304,6.0307,1.1939,32767,15,True,-0.166111,True,False
15,A,7,batch_reoptimize,3.873,inf,0.0,15.43,15.43,1.0,6.0307,1.1939,32767,15,True,-0.599343,True,False
15,A,42,nearest_neighbor,3.873,inf,0.0,14.7579,14.0883,1.0475,5.6906,1.1213,32767,15,False,0.02455,True,False
15,A,42,cheapest_insertion,3.873,inf,0.0,14.0883,14.0883,1.0,5.6906,1.1213,32767,15,True,-0.570705,True,False
15,A,42,batch_reoptimize,3.873,inf,0.0,14.0883,14.0883,1.0,5.6906,1.1213,32767,15,True,-0.570705,True,False
15,A,99,nearest_neighbor,3.873,inf,0.0,16.1215,15.3437,1.0507,6.0358,1.1513,32767,15,False,0.14939,True,False
15,A,99,cheapest_insertion,3.873,inf,0.0,17.9321,15.3437,1.1687,6.0358,1.1513,32767,15,False,1.830622,True,True
15,A,99,batch_reoptimize,3.873,inf,0.0,15.3437,15.3437,1.0,6.0358,1.1513,32767,15,True,-0.565711,True,False
15,A,123,nearest_neighbor,3.873,inf,0.0,14.1397,13.1549,1.0749,6.4862,1.1454,32767,15,False,0.422439,True,False
15,A,123,cheapest_insertion,3.873,inf,0.0,13.1549,13.1549,1.0,6.4862,1.1454,32767,15,True,-0.486596,True,False
15,A,123,batch_reoptimize,3.873,inf,0.0,13.1549,13.1549,1.0,6.4862,1.1454,32767,15,True,-0.486596,True,False
15,A,256,nearest_neighbor,3.873,inf,0.0,17.5962,14.2864,1.2317,5.939,1.115,32767,15,False,2.5352,True,True
15,A,256,cheapest_insertion,3.873,inf,0.0,14.9255,14.2864,1.0447,5.939,1.115,32767,15,False,0.085833,True,False
15,A,256,batch_reoptimize,3.873,inf,0.0,14.2864,14.2864,1.0,5.939,1.115,32767,15,True,-0.491596,True,False
15,B_heavy,7,nearest_neighbor,3.873,4.0,0.1781,18.2829,15.43,1.1849,6.0307,1.3531,16385,15,True,-1.297484,True,False
15,B_heavy,7,cheapest_insertion,3.873,4.0,0.1781,17.0712,15.43,1.1064,6.0307,1.3531,16385,15,True,-1.903332,True,False
15,B_heavy,7,batch_reoptimize,3.873,4.0,0.1781,17.0015,15.43,1.1019,6.0307,1.3531,16385,15,True,-1.938146,True,False
15,B_heavy,42,nearest_neighbor,3.873,4.0,0.1781,19.9435,14.0883,1.4156,5.6906,1.5437,16385,15,True,-0.902225,True,False
15,B_heavy,42,cheapest_insertion,3.873,4.0,0.1781,16.516,14.0883,1.1723,5.6906,1.5437,16385,15,True,-1.708967,True,False
15,B_heavy,42,batch_reoptimize,3.873,4.0,0.1781,16.4881,14.0883,1.1703,5.6906,1.5437,16385,15,True,-1.708967,True,False
15,B_heavy,99,nearest_neighbor,3.873,4.0,0.1781,21.0026,15.3437,1.3688,6.0358,1.3646,16385,15,False,0.032369,True,True
15,B_heavy,99,cheapest_insertion,3.873,4.0,0.1781,16.4543,15.3437,1.0724,6.0358,1.3646,16385,15,True,-2.241825,True,False
15,B_heavy,99,batch_reoptimize,3.873,4.0,0.1781,16.4543,15.3437,1.0724,6.0358,1.3646,16385,15,True,-2.241825,True,False
15,B_heavy,123,nearest_neighbor,3.873,4.0,0.1781,17.82,13.1549,1.3546,6.4862,1.4334,16385,15,True,-0.51818,True,False
15,B_heavy,123,cheapest_insertion,3.873,4.0,0.1781,14.1096,13.1549,1.0726,6.4862,1.4334,16385,15,True,-1.960916,True,False
15,B_heavy,123,batch_reoptimize,3.873,4.0,0.1781,14.1096,13.1549,1.0726,6.4862,1.4334,16385,15,True,-1.960916,True,False
15,B_heavy,256,nearest_neighbor,3.873,4.0,0.1781,15.9261,14.2864,1.1148,5.939,,10241,14,True,-1.704171,False,False
15,B_heavy,256,cheapest_insertion,3.873,4.0,0.1781,16.2881,14.2864,1.1401,5.939,,10241,14,True,-1.704171,False,False
15,B_heavy,256,batch_reoptimize,3.873,4.0,0.1781,15.1647,14.2864,1.0615,5.939,,10241,14,True,-1.704171,False,False
15,B_medium,7,nearest_neighbor,3.873,2.0,0.3562,18.2829,15.43,1.1849,6.0307,,3713,12,True,-2.994633,False,False
15,B_medium,7,cheapest_insertion,3.873,2.0,0.3562,17.0712,15.43,1.1064,6.0307,,4737,13,True,-2.994633,False,False
15,B_medium,7,batch_reoptimize,3.873,2.0,0.3562,17.1694,15.43,1.1127,6.0307,,4737,13,True,-2.994633,False,False
15,B_medium,42,nearest_neighbor,3.873,2.0,0.3562,16.6502,14.0883,1.1818,5.6906,,9217,14,True,-1.708967,False,False
15,B_medium,42,cheapest_insertion,3.873,2.0,0.3562,16.516,14.0883,1.1723,5.6906,,9217,14,True,-1.708967,False,False
15,B_medium,42,batch_reoptimize,3.873,2.0,0.3562,16.4881,14.0883,1.1703,5.6906,,9217,14,True,-1.708967,False,False
15,B_medium,99,nearest_neighbor,3.873,2.0,0.3562,21.0026,15.3437,1.3688,6.0358,,3073,12,True,-2.333576,False,False
15,B_medium,99,cheapest_insertion,3.873,2.0,0.3562,20.501,15.3437,1.3361,6.0358,,4609,13,True,-2.333576,False,False
15,B_medium,99,batch_reoptimize,3.873,2.0,0.3562,16.4543,15.3437,1.0724,6.0358,,5377,13,True,-2.333576,False,False
15,B_medium,123,nearest_neighbor,3.873,2.0,0.3562,17.7892,13.1549,1.3523,6.4862,,2305,11,True,-1.960916,False,False
15,B_medium,123,cheapest_insertion,3.873,2.0,0.3562,16.077,13.1549,1.2221,6.4862,,3329,12,True,-1.960916,False,False
15,B_medium,123,batch_reoptimize,3.873,2.0,0.3562,15.6144,13.1549,1.187,6.4862,,3329,12,True,-1.960916,False,False
15,B_medium,256,nearest_neighbor,3.873,2.0,0.3562,18.9428,14.2864,1.3259,5.939,,2657,12,True,-1.288267,False,False
15,B_medium,256,cheapest_insertion,3.873,2.0,0.3562,18.0252,14.2864,1.2617,5.939,,3169,12,True,-1.704171,False,False
15,B_medium,256,batch_reoptimize,3.873,2.0,0.3562,16.4721,14.2864,1.153,5.939,,3169,12,True,-1.704171,False,False
15,B_light,7,nearest_neighbor,3.873,0.5,1.4248,28.1336,15.43,1.8233,6.0307,,35,4,True,-2.994633,False,False
15,B_light,7,cheapest_insertion,3.873,0.5,1.4248,27.5897,15.43,1.7881,6.0307,,95,6,True,-2.994633,False,False
15,B_light,7,batch_reoptimize,3.873,0.5,1.4248,27.5897,15.43,1.7881,6.0307,,95,6,True,-2.994633,False,False
15,B_light,42,nearest_neighbor,3.873,0.5,1.4248,26.274,14.0883,1.865,5.6906,,33,4,True,-1.708967,False,False
15,B_light,42,cheapest_insertion,3.873,0.5,1.4248,25.5451,14.0883,1.8132,5.6906,,71,5,True,-1.708967,False,False
15,B_light,42,batch_reoptimize,3.873,0.5,1.4248,25.5451,14.0883,1.8132,5.6906,,71,5,True,-1.708967,False,False
15,B_light,99,nearest_neighbor,3.873,0.5,1.4248,26.8591,15.3437,1.7505,6.0358,,29,4,True,-2.333576,False,False
15,B_light,99,cheapest_insertion,3.873,0.5,1.4248,25.6442,15.3437,1.6713,6.0358,,35,4,True,-2.333576,False,False
15,B_light,99,batch_reoptimize,3.873,0.5,1.4248,25.6442,15.3437,1.6713,6.0358,,35,4,True,-2.333576,False,False
15,B_light,123,nearest_neighbor,3.873,0.5,1.4248,25.164,13.1549,1.9129,6.4862,,35,4,True,-1.960916,False,False
15,B_light,123,cheapest_insertion,3.873,0.5,1.4248,24.8389,13.1549,1.8882,6.4862,,29,4,True,-1.960916,False,False
15,B_light,123,batch_reoptimize,3.873,0.5,1.4248,24.8389,13.1549,1.8882,6.4862,,29,4,True,-1.960916,False,False
15,B_light,256,nearest_neighbor,3.873,0.5,1.4248,26.4888,14.2864,1.8541,5.939,,26,3,True,-1.704171,False,False
15,B_light,256,cheapest_insertion,3.873,0.5,1.4248,27.1918,14.2864,1.9033,5.939,,36,4,True,-1.704171,False,False
15,B_light,256,batch_reoptimize,3.873,0.5,1.4248,26.6908,14.2864,1.8683,5.939,,36,4,True,-1.704171,False,False
15,C,7,nearest_neighbor,3.873,2.0,0.3562,21.2889,15.43,1.3797,6.0307,1.4598,16385,15,True,-0.617691,True,False
15,C,7,cheapest_insertion,3.873,2.0,0.3562,18.2306,15.43,1.1815,6.0307,1.4598,16385,15,True,-2.146857,True,False
15,C,7,batch_reoptimize,3.873,2.0,0.3562,17.6286,15.43,1.1425,6.0307,1.4598,16385,15,True,-2.447863,True,False
15,C,42,nearest_neighbor,3.873,2.0,0.3562,15.0629,14.0883,1.0692,5.6906,1.1412,16385,15,True,-0.507637,True,False
15,C,42,cheapest_insertion,3.873,2.0,0.3562,15.8359,14.0883,1.124,5.6906,1.1412,16385,15,True,-0.12115,True,False
15,C,42,batch_reoptimize,3.873,2.0,0.3562,14.139,14.0883,1.0036,5.6906,1.1412,16385,15,True,-0.969582,True,False
15,C,99,nearest_neighbor,3.873,2.0,0.3562,17.6495,15.3437,1.1503,6.0358,1.3276,16385,15,True,-1.360394,True,False
15,C,99,cheapest_insertion,3.873,2.0,0.3562,18.773,15.3437,1.2235,6.0358,1.3276,16385,15,True,-0.798653,True,False
15,C,99,batch_reoptimize,3.873,2.0,0.3562,16.261,15.3437,1.0598,6.0358,1.3276,16385,15,True,-2.054683,True,False
15,C,123,nearest_neighbor,3.873,2.0,0.3562,15.0375,13.1549,1.1431,6.4862,1.202,16385,15,True,-0.387436,True,False
15,C,123,cheapest_insertion,3.873,2.0,0.3562,13.1885,13.1549,1.0026,6.4862,1.202,16385,15,True,-1.311918,True,False
15,C,123,batch_reoptimize,3.873,2.0,0.3562,13.1885,13.1549,1.0026,6.4862,1.202,16385,15,True,-1.311918,True,False
15,C,256,nearest_neighbor,3.873,2.0,0.3562,20.8219,14.2864,1.4575,5.939,1.479,16385,15,True,-0.15366,True,False
15,C,256,cheapest_insertion,3.873,2.0,0.3562,17.496,14.2864,1.2247,5.939,1.479,16385,15,True,-1.704171,True,False
15,C,256,batch_reoptimize,3.873,2.0,0.3562,16.4414,14.2864,1.1508,5.939,1.479,16385,15,True,-1.704171,True,False
15,D,7,nearest_neighbor,3.873,1.0,0.7124,21.6486,15.43,1.403,6.0307,,233,7,True,-2.994633,False,False
15,D,7,cheapest_insertion,3.873,1.0,0.7124,18.8193,15.43,1.2197,6.0307,,697,10,True,-2.994633,False,False
15,D,7,batch_reoptimize,3.873,1.0,0.7124,18.8193,15.43,1.2197,6.0307,,697,10,True,-2.994633,False,False
15,D,42,nearest_neighbor,3.873,1.0,0.7124,21.221,14.0883,1.5063,5.6906,,391,8,True,-1.708967,False,False
15,D,42,cheapest_insertion,3.873,1.0,0.7124,19.1435,14.0883,1.3588,5.6906,,455,9,True,-1.708967,False,False
15,D,42,batch_reoptimize,3.873,1.0,0.7124,18.2935,14.0883,1.2985,5.6906,,455,9,True,-1.708967,False,False
15,D,99,nearest_neighbor,3.873,1.0,0.7124,22.4698,15.3437,1.4644,6.0358,,353,8,True,-2.333576,False,False
15,D,99,cheapest_insertion,3.873,1.0,0.7124,20.3436,15.3437,1.3259,6.0358,,721,10,True,-2.333576,False,False
15,D,99,batch_reoptimize,3.873,1.0,0.7124,18.4878,15.3437,1.2049,6.0358,,369,8,True,-2.333576,False,False
15,D,123,nearest_neighbor,3.873,1.0,0.7124,15.2332,13.1549,1.158,6.4862,,77,6,True,-1.960916,False,False
15,D,123,cheapest_insertion,3.873,1.0,0.7124,15.9867,13.1549,1.2153,6.4862,,113,7,True,-1.960916,False,False
15,D,123,batch_reoptimize,3.873,1.0,0.7124,15.2332,13.1549,1.158,6.4862,,77,6,True,-1.960916,False,False
15,D,256,nearest_neighbor,3.873,1.0,0.7124,21.5349,14.2864,1.5074,5.939,,96,6,True,-1.704171,False,False
15,D,256,cheapest_insertion,3.873,1.0,0.7124,17.7657,14.2864,1.2435,5.939,,112,7,True,-1.704171,False,False
15,D,256,batch_reoptimize,3.873,1.0,0.7124,17.7657,14.2864,1.2435,5.939,,112,7,True,-1.704171,False,False
15,E,7,nearest_neighbor,3.873,1.0,0.7124,20.2283,15.43,1.311,6.0307,,1285,11,True,-2.994633,False,False
15,E,7,cheapest_insertion,3.873,1.0,0.7124,21.0576,15.43,1.3647,6.0307,,2245,12,True,-2.994633,False,False
15,E,7,batch_reoptimize,3.873,1.0,0.7124,21.0576,15.43,1.3647,6.0307,,2245,12,True,-2.994633,False,False
15,E,42,nearest_neighbor,3.873,1.0,0.7124,20.5746,14.0883,1.4604,5.6906,,1089,10,True,-1.708967,False,False
15,E,42,cheapest_insertion,3.873,1.0,0.7124,19.9275,14.0883,1.4145,5.6906,,1089,10,True,-1.708967,False,False
15,E,42,batch_reoptimize,3.873,1.0,0.7124,19.206,14.0883,1.3633,5.6906,,1089,10,True,-1.708967,False,False
15,E,99,nearest_neighbor,3.873,1.0,0.7124,23.2618,15.3437,1.516,6.0358,,329,8,True,-2.333576,False,False
15,E,99,cheapest_insertion,3.873,1.0,0.7124,21.9785,15.3437,1.4324,6.0358,,761,10,True,-2.333576,False,False
15,E,99,batch_reoptimize,3.873,1.0,0.7124,21.6356,15.3437,1.4101,6.0358,,329,8,True,-2.333576,False,False
15,E,123,nearest_neighbor,3.873,1.0,0.7124,22.5423,13.1549,1.7136,6.4862,,673,9,True,-1.960916,False,False
15,E,123,cheapest_insertion,3.873,1.0,0.7124,18.7522,13.1549,1.4255,6.4862,,705,9,True,-1.960916,False,False
15,E,123,batch_reoptimize,3.873,1.0,0.7124,19.089,13.1549,1.4511,6.4862,,897,10,True,-1.960916,False,False
15,E,256,nearest_neighbor,3.873,1.0,0.7124,20.9719,14.2864,1.468,5.939,,157,8,True,-1.704171,False,False
15,E,256,cheapest_insertion,3.873,1.0,0.7124,21.5155,14.2864,1.506,5.939,,157,8,True,-1.704171,False,False
15,E,256,batch_reoptimize,3.873,1.0,0.7124,20.5416,14.2864,1.4378,5.939,,157,8,True,-1.704171,False,False
